,Year,Game_State,AL_RE288
0,2016,1,1.935475161987041
1,2016,2,1.9474485910129475
2,2016,3,1.9362972202423379
3,2016,4,1.8782321106434154
4,2016,5,1.9385794872911812
5,2016,6,1.9098135293317
6,2016,7,1.9211341307133702
7,2016,8,1.9187667560321715
8,2016,9,1.9044502617801047
9,2016,10,1.958165396722662
10,2016,11,1.9421887149666994
11,2016,12,1.9351447610294117
12,2016,13,1.9340437115967954
13,2016,14,1.9056390825909952
14,2016,15,1.9126425624848338
15,2016,16,2.0068576038725294
16,2016,17,1.9637355391716118
17,2016,18,1.937097847792323
18,2016,19,1.9065250600130939
19,2016,20,1.9430763740185582
20,2016,21,1.9503251445086704
21,2016,22,1.9490491002874355
22,2016,23,1.9457196867404807
23,2016,24,1.937838456258104
24,2016,25,1.9238048780487804
25,2016,26,1.950756260848004
26,2016,27,1.9443254817987152
27,2016,28,2.0543130990415337
28,2016,29,1.9027429526631714
29,2016,30,1.9413921113689094
30,2016,31,1.955217314798522
31,2016,32,1.989424703891709
32,2016,33,1.900248812485863
33,2016,34,1.9325135121733525
34,2016,35,1.9333147321428572
35,2016,36,1.9625393966681675
36,2016,37,1.9787717968157694
37,2016,38,1.8824937027707809
38,2016,39,1.9406812093379258
39,2016,40,1.926356589147287
40,2016,41,2.0025940337224384
41,2016,42,1.9095886752136753
42,2016,43,2.0032128514056224
43,2016,44,2.033464566929134
44,2016,45,2.0821863155794933
45,2016,46,2.0342374388617164
46,2016,47,2.01996336996337
47,2016,48,1.976280834914611
48,2016,49,1.940650280024891
49,2016,50,1.9527567020738492
50,2016,51,1.8827627991517721
51,2016,52,1.856425702811245
52,2016,53,1.9708397817056285
53,2016,54,2.0070952483336915
54,2016,55,1.949956672443674
55,2016,56,1.8863636363636365
56,2016,57,1.9684408855393312
57,2016,58,1.9588380571562978
58,2016,59,1.9166666666666667
59,2016,60,1.926505082095387
60,2016,61,1.9525214592274678
61,2016,62,1.9323469387755101
62,2016,63,2.0636525877453895
63,2016,64,1.9826923076923078
64,2016,65,1.969060505695129
65,2016,66,1.9079158209592992
66,2016,67,2.0206620282521612
67,2016,68,2.2102640757349277
68,2016,69,1.9758025487981932
69,2016,70,1.8590303173292437
70,2016,71,1.9066940090815878
71,2016,72,1.9383045907213992
72,2016,73,2.0398646107559233
73,2016,74,1.9119217081850535
74,2016,75,2.0700712589073635
75,2016,76,1.6293706293706294
76,2016,77,2.064839830181397
77,2016,78,1.9258760107816713
78,2016,79,2.1179245283018866
79,2016,80,1.8808290155440415
80,2016,81,2.273003802281369
81,2016,82,1.7812648597242036
82,2016,83,2.0778564206268957
83,2016,84,2.0794753086419755
84,2016,85,1.9922680412371134
85,2016,86,2.0005288207297727
86,2016,87,2.1062005277044853
87,2016,88,2.092250922509225
88,2016,89,1.9640689487739742
89,2016,90,1.9460981496379726
90,2016,91,2.012879484820607
91,2016,92,2.0317307692307693
92,2016,93,1.9408799266727772
93,2016,94,1.9758861127251597
94,2016,95,2.0084639498432604
95,2016,96,2.0335753176043556
96,2016,97,1.9643394806172374
97,2016,98,1.9869969040247677
98,2016,99,2.078322385042951
99,2016,100,1.9866488651535381
100,2016,101,1.9817377931564784
101,2016,102,1.9522688356164384
102,2016,103,2.0127690623859906
103,2016,104,2.0240496508921644
104,2016,105,1.936588921282799
105,2016,106,1.89010989010989
106,2016,107,1.900419776119403
107,2016,108,1.9827089337175792
108,2016,109,2.1541284403669723
109,2016,110,2.020979020979021
110,2016,111,2.016949152542373
111,2016,112,1.4523809523809523
112,2016,113,2.4331983805668016
113,2016,114,2.0753968253968256
114,2016,115,1.8058823529411765
115,2016,116,2.1690140845070425
116,2016,117,2.4
117,2016,118,2.616
118,2016,119,2.163265306122449
119,2016,120,2.063953488372093
120,2016,121,2.001477104874446
121,2016,122,2.054662379421222
122,2016,123,1.9260700389105059
123,2016,124,1.8195121951219513
124,2016,125,1.80836820083682
125,2016,126,1.9865711727842434
126,2016,127,2.0172413793103448
127,2016,128,2.0395480225988702
128,2016,129,1.8280467445742905
129,2016,130,1.9203187250996017
130,2016,131,1.8317757009345794
131,2016,132,1.912981455064194
132,2016,133,1.9235880398671097
133,2016,134,1.901124648547329
134,2016,135,2.0796139927623645
135,2016,136,2.299003322259136
136,2016,137,1.8751191611058151
137,2016,138,1.7987173162308832
138,2016,139,1.907960199004975
139,2016,140,2.1590493601462524
140,2016,141,2.2244897959183674
141,2016,142,1.9793986636971046
142,2016,143,1.9502702702702703
143,2016,144,1.944356120826709
144,2016,145,1.9783897494740867
145,2016,146,2.024279210925645
146,2016,147,1.9603174603174602
147,2016,148,2.0476190476190474
148,2016,149,1.8128342245989304
149,2016,150,1.9672650475184794
150,2016,151,2.211159737417943
151,2016,152,2.0952380952380953
152,2016,153,1.9170090386195562
153,2016,154,1.9478510028653295
154,2016,155,2.030513176144244
155,2016,156,2.021788990825688
156,2016,157,1.955511724742494
157,2016,158,1.938692098092643
158,2016,159,2.0160919540229885
159,2016,160,1.9649595687331536
160,2016,161,1.9561077566186715
161,2016,162,1.9613683279268652
162,2016,163,2.008953553441522
163,2016,164,2.042995839112344
164,2016,165,1.9835409252669038
165,2016,166,1.9964652956298201
166,2016,167,1.8546289211935731
167,2016,168,1.8489028213166143
168,2016,169,1.9564300128416805
169,2016,170,1.9710341706268386
170,2016,171,1.9344155844155844
171,2016,172,1.958762886597938
172,2016,173,1.9464285714285714
173,2016,174,1.965055050263284
174,2016,175,1.937863209655789
175,2016,176,1.8986415882967607
176,2016,177,1.988021778584392
177,2016,178,1.9937936384794415
178,2016,179,1.9775417298937785
179,2016,180,1.7827848101265822
180,2016,181,1.9457320520067836
181,2016,182,2.0899031811894884
182,2016,183,2.1752988047808763
183,2016,184,2.1666666666666665
184,2016,185,1.956806282722513
185,2016,186,1.7609756097560976
186,2016,187,2.0974025974025974
187,2016,188,2.6
188,2016,189,1.9823232323232323
189,2016,190,1.8209982788296042
190,2016,191,1.7804347826086957
191,2016,192,1.9097472924187726
192,2016,193,2.06821665815023
193,2016,194,2.106951871657754
194,2016,195,2.1882352941176473
195,2016,196,1.8988095238095237
196,2016,197,2.054525014052839
197,2016,198,2.0868544600938965
198,2016,199,2.0586466165413535
199,2016,200,2.5051903114186853
200,2016,201,2.0288461538461537
201,2016,202,2.0616319444444446
202,2016,203,2.0143805309734515
203,2016,204,2.2463235294117645
204,2016,205,1.9856684895342258
205,2016,206,2.088164829899377
206,2016,207,1.8181818181818181
207,2016,208,1.746031746031746
208,2016,209,1.9848794442174091
209,2016,210,1.997438524590164
210,2016,211,1.9083585095669688
211,2016,212,1.863961813842482
212,2016,213,1.9611570247933885
213,2016,214,2.0279097387173395
214,2016,215,1.8846975088967972
215,2016,216,1.8468677494199537
216,2016,217,1.8850467289719626
217,2016,218,1.789272030651341
218,2016,219,1.8564356435643565
219,2016,220,2.1012658227848102
220,2016,221,1.862785862785863
221,2016,222,1.7467248908296944
222,2016,223,1.6666666666666667
223,2016,224,1.991304347826087
224,2016,225,1.7892561983471074
225,2016,226,1.693298969072165
226,2016,227,1.7139303482587065
227,2016,228,1.6771653543307086
228,2016,229,1.9767736486486487
229,2016,230,1.9821109123434706
230,2016,231,2.2031963470319633
231,2016,232,2.148325358851675
232,2016,233,1.9646946564885497
233,2016,234,1.9730807577268195
234,2016,235,2.138181818181818
235,2016,236,2.0
236,2016,237,1.9069343065693432
237,2016,238,2.1998011928429424
238,2016,239,2.2778390297684674
239,2016,240,1.8489583333333333
240,2016,241,2.1238203095507737
241,2016,242,1.987832699619772
242,2016,243,1.9495652173913043
243,2016,244,2.1045454545454545
244,2016,245,2.1177865612648223
245,2016,246,1.9655455291222312
246,2016,247,1.9524405506883604
247,2016,248,1.7679012345679013
248,2016,249,2.2447129909365557
249,2016,250,1.9918367346938775
250,2016,251,2.1248979591836736
251,2016,252,1.8568232662192394
252,2016,253,1.8304221251819506
253,2016,254,1.7039848197343455
254,2016,255,2.3184357541899443
255,2016,256,2.2857142857142856
256,2016,257,1.9534883720930232
257,2016,258,1.7371663244353184
258,2016,259,2.4015748031496065
259,2016,260,1.9484536082474226
260,2016,261,2.214484679665738
261,2016,262,1.7110091743119267
262,2016,263,2.24438202247191
263,2016,264,2.556122448979592
264,2016,265,1.8135226921889471
265,2016,266,1.793663688058489
266,2016,267,1.6725888324873097
267,2016,268,1.8
268,2016,269,1.8610932475884245
269,2016,270,1.9848866498740554
270,2016,271,1.8036605657237936
271,2016,272,1.868421052631579
272,2016,273,1.6971098265895954
273,2016,274,1.8418766290182451
274,2016,275,1.9235033259423504
275,2016,276,1.7674897119341564
276,2016,277,1.9059717129387113
277,2016,278,1.892328398384926
278,2016,279,1.9832402234636872
279,2016,280,2.0164835164835164
280,2016,281,1.9152806652806653
281,2016,282,1.9448979591836735
282,2016,283,1.7503392130257802
283,2016,284,1.6330532212885154
284,2016,285,1.8755760368663594
285,2016,286,1.8559556786703602
286,2016,287,2.0645438898450945
287,2016,288,1.580332409972299
288,2017,1,1.935475161987041
289,2017,2,1.9474485910129475
290,2017,3,1.9362972202423379
291,2017,4,1.8782321106434154
292,2017,5,1.9385794872911812
293,2017,6,1.9098135293317
294,2017,7,1.9211341307133702
295,2017,8,1.9187667560321715
296,2017,9,1.9044502617801047
297,2017,10,1.958165396722662
298,2017,11,1.9421887149666994
299,2017,12,1.9351447610294117
300,2017,13,1.9340437115967954
301,2017,14,1.9056390825909952
302,2017,15,1.9126425624848338
303,2017,16,2.0068576038725294
304,2017,17,1.9637355391716118
305,2017,18,1.937097847792323
306,2017,19,1.9065250600130939
307,2017,20,1.9430763740185582
308,2017,21,1.9503251445086704
309,2017,22,1.9490491002874355
310,2017,23,1.9457196867404807
311,2017,24,1.937838456258104
312,2017,25,1.9238048780487804
313,2017,26,1.950756260848004
314,2017,27,1.9443254817987152
315,2017,28,2.0543130990415337
316,2017,29,1.9027429526631714
317,2017,30,1.9413921113689094
318,2017,31,1.955217314798522
319,2017,32,1.989424703891709
320,2017,33,1.900248812485863
321,2017,34,1.9325135121733525
322,2017,35,1.9333147321428572
323,2017,36,1.9625393966681675
324,2017,37,1.9787717968157694
325,2017,38,1.8824937027707809
326,2017,39,1.9406812093379258
327,2017,40,1.926356589147287
328,2017,41,2.0025940337224384
329,2017,42,1.9095886752136753
330,2017,43,2.0032128514056224
331,2017,44,2.033464566929134
332,2017,45,2.0821863155794933
333,2017,46,2.0342374388617164
334,2017,47,2.01996336996337
335,2017,48,1.976280834914611
336,2017,49,1.940650280024891
337,2017,50,1.9527567020738492
338,2017,51,1.8827627991517721
339,2017,52,1.856425702811245
340,2017,53,1.9708397817056285
341,2017,54,2.0070952483336915
342,2017,55,1.949956672443674
343,2017,56,1.8863636363636365
344,2017,57,1.9684408855393312
345,2017,58,1.9588380571562978
346,2017,59,1.9166666666666667
347,2017,60,1.926505082095387
348,2017,61,1.9525214592274678
349,2017,62,1.9323469387755101
350,2017,63,2.0636525877453895
351,2017,64,1.9826923076923078
352,2017,65,1.969060505695129
353,2017,66,1.9079158209592992
354,2017,67,2.0206620282521612
355,2017,68,2.2102640757349277
356,2017,69,1.9758025487981932
357,2017,70,1.8590303173292437
358,2017,71,1.9066940090815878
359,2017,72,1.9383045907213992
360,2017,73,2.0398646107559233
361,2017,74,1.9119217081850535
362,2017,75,2.0700712589073635
363,2017,76,1.6293706293706294
364,2017,77,2.064839830181397
365,2017,78,1.9258760107816713
366,2017,79,2.1179245283018866
367,2017,80,1.8808290155440415
368,2017,81,2.273003802281369
369,2017,82,1.7812648597242036
370,2017,83,2.0778564206268957
371,2017,84,2.0794753086419755
372,2017,85,1.9922680412371134
373,2017,86,2.0005288207297727
374,2017,87,2.1062005277044853
375,2017,88,2.092250922509225
376,2017,89,1.9640689487739742
377,2017,90,1.9460981496379726
378,2017,91,2.012879484820607
379,2017,92,2.0317307692307693
380,2017,93,1.9408799266727772
381,2017,94,1.9758861127251597
382,2017,95,2.0084639498432604
383,2017,96,2.0335753176043556
384,2017,97,1.9643394806172374
385,2017,98,1.9869969040247677
386,2017,99,2.078322385042951
387,2017,100,1.9866488651535381
388,2017,101,1.9817377931564784
389,2017,102,1.9522688356164384
390,2017,103,2.0127690623859906
391,2017,104,2.0240496508921644
392,2017,105,1.936588921282799
393,2017,106,1.89010989010989
394,2017,107,1.900419776119403
395,2017,108,1.9827089337175792
396,2017,109,2.1541284403669723
397,2017,110,2.020979020979021
398,2017,111,2.016949152542373
399,2017,112,1.4523809523809523
400,2017,113,2.4331983805668016
401,2017,114,2.0753968253968256
402,2017,115,1.8058823529411765
403,2017,116,2.1690140845070425
404,2017,117,2.4
405,2017,118,2.616
406,2017,119,2.163265306122449
407,2017,120,2.063953488372093
408,2017,121,2.001477104874446
409,2017,122,2.054662379421222
410,2017,123,1.9260700389105059
411,2017,124,1.8195121951219513
412,2017,125,1.80836820083682
413,2017,126,1.9865711727842434
414,2017,127,2.0172413793103448
415,2017,128,2.0395480225988702
416,2017,129,1.8280467445742905
417,2017,130,1.9203187250996017
418,2017,131,1.8317757009345794
419,2017,132,1.912981455064194
420,2017,133,1.9235880398671097
421,2017,134,1.901124648547329
422,2017,135,2.0796139927623645
423,2017,136,2.299003322259136
424,2017,137,1.8751191611058151
425,2017,138,1.7987173162308832
426,2017,139,1.907960199004975
427,2017,140,2.1590493601462524
428,2017,141,2.2244897959183674
429,2017,142,1.9793986636971046
430,2017,143,1.9502702702702703
431,2017,144,1.944356120826709
432,2017,145,1.9783897494740867
433,2017,146,2.024279210925645
434,2017,147,1.9603174603174602
435,2017,148,2.0476190476190474
436,2017,149,1.8128342245989304
437,2017,150,1.9672650475184794
438,2017,151,2.211159737417943
439,2017,152,2.0952380952380953
440,2017,153,1.9170090386195562
441,2017,154,1.9478510028653295
442,2017,155,2.030513176144244
443,2017,156,2.021788990825688
444,2017,157,1.955511724742494
445,2017,158,1.938692098092643
446,2017,159,2.0160919540229885
447,2017,160,1.9649595687331536
448,2017,161,1.9561077566186715
449,2017,162,1.9613683279268652
450,2017,163,2.008953553441522
451,2017,164,2.042995839112344
452,2017,165,1.9835409252669038
453,2017,166,1.9964652956298201
454,2017,167,1.8546289211935731
455,2017,168,1.8489028213166143
456,2017,169,1.9564300128416805
457,2017,170,1.9710341706268386
458,2017,171,1.9344155844155844
459,2017,172,1.958762886597938
460,2017,173,1.9464285714285714
461,2017,174,1.965055050263284
462,2017,175,1.937863209655789
463,2017,176,1.8986415882967607
464,2017,177,1.988021778584392
465,2017,178,1.9937936384794415
466,2017,179,1.9775417298937785
467,2017,180,1.7827848101265822
468,2017,181,1.9457320520067836
469,2017,182,2.0899031811894884
470,2017,183,2.1752988047808763
471,2017,184,2.1666666666666665
472,2017,185,1.956806282722513
473,2017,186,1.7609756097560976
474,2017,187,2.0974025974025974
475,2017,188,2.6
476,2017,189,1.9823232323232323
477,2017,190,1.8209982788296042
478,2017,191,1.7804347826086957
479,2017,192,1.9097472924187726
480,2017,193,2.06821665815023
481,2017,194,2.106951871657754
482,2017,195,2.1882352941176473
483,2017,196,1.8988095238095237
484,2017,197,2.054525014052839
485,2017,198,2.0868544600938965
486,2017,199,2.0586466165413535
487,2017,200,2.5051903114186853
488,2017,201,2.0288461538461537
489,2017,202,2.0616319444444446
490,2017,203,2.0143805309734515
491,2017,204,2.2463235294117645
492,2017,205,1.9856684895342258
493,2017,206,2.088164829899377
494,2017,207,1.8181818181818181
495,2017,208,1.746031746031746
496,2017,209,1.9848794442174091
497,2017,210,1.997438524590164
498,2017,211,1.9083585095669688
499,2017,212,1.863961813842482
500,2017,213,1.9611570247933885
501,2017,214,2.0279097387173395
502,2017,215,1.8846975088967972
503,2017,216,1.8468677494199537
504,2017,217,1.8850467289719626
505,2017,218,1.789272030651341
506,2017,219,1.8564356435643565
507,2017,220,2.1012658227848102
508,2017,221,1.862785862785863
509,2017,222,1.7467248908296944
510,2017,223,1.6666666666666667
511,2017,224,1.991304347826087
512,2017,225,1.7892561983471074
513,2017,226,1.693298969072165
514,2017,227,1.7139303482587065
515,2017,228,1.6771653543307086
516,2017,229,1.9767736486486487
517,2017,230,1.9821109123434706
518,2017,231,2.2031963470319633
519,2017,232,2.148325358851675
520,2017,233,1.9646946564885497
521,2017,234,1.9730807577268195
522,2017,235,2.138181818181818
523,2017,236,2.0
524,2017,237,1.9069343065693432
525,2017,238,2.1998011928429424
526,2017,239,2.2778390297684674
527,2017,240,1.8489583333333333
528,2017,241,2.1238203095507737
529,2017,242,1.987832699619772
530,2017,243,1.9495652173913043
531,2017,244,2.1045454545454545
532,2017,245,2.1177865612648223
533,2017,246,1.9655455291222312
534,2017,247,1.9524405506883604
535,2017,248,1.7679012345679013
536,2017,249,2.2447129909365557
537,2017,250,1.9918367346938775
538,2017,251,2.1248979591836736
539,2017,252,1.8568232662192394
540,2017,253,1.8304221251819506
541,2017,254,1.7039848197343455
542,2017,255,2.3184357541899443
543,2017,256,2.2857142857142856
544,2017,257,1.9534883720930232
545,2017,258,1.7371663244353184
546,2017,259,2.4015748031496065
547,2017,260,1.9484536082474226
548,2017,261,2.214484679665738
549,2017,262,1.7110091743119267
550,2017,263,2.24438202247191
551,2017,264,2.556122448979592
552,2017,265,1.8135226921889471
553,2017,266,1.793663688058489
554,2017,267,1.6725888324873097
555,2017,268,1.8
556,2017,269,1.8610932475884245
557,2017,270,1.9848866498740554
558,2017,271,1.8036605657237936
559,2017,272,1.868421052631579
560,2017,273,1.6971098265895954
561,2017,274,1.8418766290182451
562,2017,275,1.9235033259423504
563,2017,276,1.7674897119341564
564,2017,277,1.9059717129387113
565,2017,278,1.892328398384926
566,2017,279,1.9832402234636872
567,2017,280,2.0164835164835164
568,2017,281,1.9152806652806653
569,2017,282,1.9448979591836735
570,2017,283,1.7503392130257802
571,2017,284,1.6330532212885154
572,2017,285,1.8755760368663594
573,2017,286,1.8559556786703602
574,2017,287,2.0645438898450945
575,2017,288,1.580332409972299
576,2018,1,1.935475161987041
577,2018,2,1.9474485910129475
578,2018,3,1.9362972202423379
579,2018,4,1.8782321106434154
580,2018,5,1.9385794872911812
581,2018,6,1.9098135293317
582,2018,7,1.9211341307133702
583,2018,8,1.9187667560321715
584,2018,9,1.9044502617801047
585,2018,10,1.958165396722662
586,2018,11,1.9421887149666994
587,2018,12,1.9351447610294117
588,2018,13,1.9340437115967954
589,2018,14,1.9056390825909952
590,2018,15,1.9126425624848338
591,2018,16,2.0068576038725294
592,2018,17,1.9637355391716118
593,2018,18,1.937097847792323
594,2018,19,1.9065250600130939
595,2018,20,1.9430763740185582
596,2018,21,1.9503251445086704
597,2018,22,1.9490491002874355
598,2018,23,1.9457196867404807
599,2018,24,1.937838456258104
600,2018,25,1.9238048780487804
601,2018,26,1.950756260848004
602,2018,27,1.9443254817987152
603,2018,28,2.0543130990415337
604,2018,29,1.9027429526631714
605,2018,30,1.9413921113689094
606,2018,31,1.955217314798522
607,2018,32,1.989424703891709
608,2018,33,1.900248812485863
609,2018,34,1.9325135121733525
610,2018,35,1.9333147321428572
611,2018,36,1.9625393966681675
612,2018,37,1.9787717968157694
613,2018,38,1.8824937027707809
614,2018,39,1.9406812093379258
615,2018,40,1.926356589147287
616,2018,41,2.0025940337224384
617,2018,42,1.9095886752136753
618,2018,43,2.0032128514056224
619,2018,44,2.033464566929134
620,2018,45,2.0821863155794933
621,2018,46,2.0342374388617164
622,2018,47,2.01996336996337
623,2018,48,1.976280834914611
624,2018,49,1.940650280024891
625,2018,50,1.9527567020738492
626,2018,51,1.8827627991517721
627,2018,52,1.856425702811245
628,2018,53,1.9708397817056285
629,2018,54,2.0070952483336915
630,2018,55,1.949956672443674
631,2018,56,1.8863636363636365
632,2018,57,1.9684408855393312
633,2018,58,1.9588380571562978
634,2018,59,1.9166666666666667
635,2018,60,1.926505082095387
636,2018,61,1.9525214592274678
637,2018,62,1.9323469387755101
638,2018,63,2.0636525877453895
639,2018,64,1.9826923076923078
640,2018,65,1.969060505695129
641,2018,66,1.9079158209592992
642,2018,67,2.0206620282521612
643,2018,68,2.2102640757349277
644,2018,69,1.9758025487981932
645,2018,70,1.8590303173292437
646,2018,71,1.9066940090815878
647,2018,72,1.9383045907213992
648,2018,73,2.0398646107559233
649,2018,74,1.9119217081850535
650,2018,75,2.0700712589073635
651,2018,76,1.6293706293706294
652,2018,77,2.064839830181397
653,2018,78,1.9258760107816713
654,2018,79,2.1179245283018866
655,2018,80,1.8808290155440415
656,2018,81,2.273003802281369
657,2018,82,1.7812648597242036
658,2018,83,2.0778564206268957
659,2018,84,2.0794753086419755
660,2018,85,1.9922680412371134
661,2018,86,2.0005288207297727
662,2018,87,2.1062005277044853
663,2018,88,2.092250922509225
664,2018,89,1.9640689487739742
665,2018,90,1.9460981496379726
666,2018,91,2.012879484820607
667,2018,92,2.0317307692307693
668,2018,93,1.9408799266727772
669,2018,94,1.9758861127251597
670,2018,95,2.0084639498432604
671,2018,96,2.0335753176043556
672,2018,97,1.9643394806172374
673,2018,98,1.9869969040247677
674,2018,99,2.078322385042951
675,2018,100,1.9866488651535381
676,2018,101,1.9817377931564784
677,2018,102,1.9522688356164384
678,2018,103,2.0127690623859906
679,2018,104,2.0240496508921644
680,2018,105,1.936588921282799
681,2018,106,1.89010989010989
682,2018,107,1.900419776119403
683,2018,108,1.9827089337175792
684,2018,109,2.1541284403669723
685,2018,110,2.020979020979021
686,2018,111,2.016949152542373
687,2018,112,1.4523809523809523
688,2018,113,2.4331983805668016
689,2018,114,2.0753968253968256
690,2018,115,1.8058823529411765
691,2018,116,2.1690140845070425
692,2018,117,2.4
693,2018,118,2.616
694,2018,119,2.163265306122449
695,2018,120,2.063953488372093
696,2018,121,2.001477104874446
697,2018,122,2.054662379421222
698,2018,123,1.9260700389105059
699,2018,124,1.8195121951219513
700,2018,125,1.80836820083682
701,2018,126,1.9865711727842434
702,2018,127,2.0172413793103448
703,2018,128,2.0395480225988702
704,2018,129,1.8280467445742905
705,2018,130,1.9203187250996017
706,2018,131,1.8317757009345794
707,2018,132,1.912981455064194
708,2018,133,1.9235880398671097
709,2018,134,1.901124648547329
710,2018,135,2.0796139927623645
711,2018,136,2.299003322259136
712,2018,137,1.8751191611058151
713,2018,138,1.7987173162308832
714,2018,139,1.907960199004975
715,2018,140,2.1590493601462524
716,2018,141,2.2244897959183674
717,2018,142,1.9793986636971046
718,2018,143,1.9502702702702703
719,2018,144,1.944356120826709
720,2018,145,1.9783897494740867
721,2018,146,2.024279210925645
722,2018,147,1.9603174603174602
723,2018,148,2.0476190476190474
724,2018,149,1.8128342245989304
725,2018,150,1.9672650475184794
726,2018,151,2.211159737417943
727,2018,152,2.0952380952380953
728,2018,153,1.9170090386195562
729,2018,154,1.9478510028653295
730,2018,155,2.030513176144244
731,2018,156,2.021788990825688
732,2018,157,1.955511724742494
733,2018,158,1.938692098092643
734,2018,159,2.0160919540229885
735,2018,160,1.9649595687331536
736,2018,161,1.9561077566186715
737,2018,162,1.9613683279268652
738,2018,163,2.008953553441522
739,2018,164,2.042995839112344
740,2018,165,1.9835409252669038
741,2018,166,1.9964652956298201
742,2018,167,1.8546289211935731
743,2018,168,1.8489028213166143
744,2018,169,1.9564300128416805
745,2018,170,1.9710341706268386
746,2018,171,1.9344155844155844
747,2018,172,1.958762886597938
748,2018,173,1.9464285714285714
749,2018,174,1.965055050263284
750,2018,175,1.937863209655789
751,2018,176,1.8986415882967607
752,2018,177,1.988021778584392
753,2018,178,1.9937936384794415
754,2018,179,1.9775417298937785
755,2018,180,1.7827848101265822
756,2018,181,1.9457320520067836
757,2018,182,2.0899031811894884
758,2018,183,2.1752988047808763
759,2018,184,2.1666666666666665
760,2018,185,1.956806282722513
761,2018,186,1.7609756097560976
762,2018,187,2.0974025974025974
763,2018,188,2.6
764,2018,189,1.9823232323232323
765,2018,190,1.8209982788296042
766,2018,191,1.7804347826086957
767,2018,192,1.9097472924187726
768,2018,193,2.06821665815023
769,2018,194,2.106951871657754
770,2018,195,2.1882352941176473
771,2018,196,1.8988095238095237
772,2018,197,2.054525014052839
773,2018,198,2.0868544600938965
774,2018,199,2.0586466165413535
775,2018,200,2.5051903114186853
776,2018,201,2.0288461538461537
777,2018,202,2.0616319444444446
778,2018,203,2.0143805309734515
779,2018,204,2.2463235294117645
780,2018,205,1.9856684895342258
781,2018,206,2.088164829899377
782,2018,207,1.8181818181818181
783,2018,208,1.746031746031746
784,2018,209,1.9848794442174091
785,2018,210,1.997438524590164
786,2018,211,1.9083585095669688
787,2018,212,1.863961813842482
788,2018,213,1.9611570247933885
789,2018,214,2.0279097387173395
790,2018,215,1.8846975088967972
791,2018,216,1.8468677494199537
792,2018,217,1.8850467289719626
793,2018,218,1.789272030651341
794,2018,219,1.8564356435643565
795,2018,220,2.1012658227848102
796,2018,221,1.862785862785863
797,2018,222,1.7467248908296944
798,2018,223,1.6666666666666667
799,2018,224,1.991304347826087
800,2018,225,1.7892561983471074
801,2018,226,1.693298969072165
802,2018,227,1.7139303482587065
803,2018,228,1.6771653543307086
804,2018,229,1.9767736486486487
805,2018,230,1.9821109123434706
806,2018,231,2.2031963470319633
807,2018,232,2.148325358851675
808,2018,233,1.9646946564885497
809,2018,234,1.9730807577268195
810,2018,235,2.138181818181818
811,2018,236,2.0
812,2018,237,1.9069343065693432
813,2018,238,2.1998011928429424
814,2018,239,2.2778390297684674
815,2018,240,1.8489583333333333
816,2018,241,2.1238203095507737
817,2018,242,1.987832699619772
818,2018,243,1.9495652173913043
819,2018,244,2.1045454545454545
820,2018,245,2.1177865612648223
821,2018,246,1.9655455291222312
822,2018,247,1.9524405506883604
823,2018,248,1.7679012345679013
824,2018,249,2.2447129909365557
825,2018,250,1.9918367346938775
826,2018,251,2.1248979591836736
827,2018,252,1.8568232662192394
828,2018,253,1.8304221251819506
829,2018,254,1.7039848197343455
830,2018,255,2.3184357541899443
831,2018,256,2.2857142857142856
832,2018,257,1.9534883720930232
833,2018,258,1.7371663244353184
834,2018,259,2.4015748031496065
835,2018,260,1.9484536082474226
836,2018,261,2.214484679665738
837,2018,262,1.7110091743119267
838,2018,263,2.24438202247191
839,2018,264,2.556122448979592
840,2018,265,1.8135226921889471
841,2018,266,1.793663688058489
842,2018,267,1.6725888324873097
843,2018,268,1.8
844,2018,269,1.8610932475884245
845,2018,270,1.9848866498740554
846,2018,271,1.8036605657237936
847,2018,272,1.868421052631579
848,2018,273,1.6971098265895954
849,2018,274,1.8418766290182451
850,2018,275,1.9235033259423504
851,2018,276,1.7674897119341564
852,2018,277,1.9059717129387113
853,2018,278,1.892328398384926
854,2018,279,1.9832402234636872
855,2018,280,2.0164835164835164
856,2018,281,1.9152806652806653
857,2018,282,1.9448979591836735
858,2018,283,1.7503392130257802
859,2018,284,1.6330532212885154
860,2018,285,1.8755760368663594
861,2018,286,1.8559556786703602
862,2018,287,2.0645438898450945
863,2018,288,1.580332409972299
864,2019,1,1.935475161987041
865,2019,2,1.9474485910129475
866,2019,3,1.9362972202423379
867,2019,4,1.8782321106434154
868,2019,5,1.9385794872911812
869,2019,6,1.9098135293317
870,2019,7,1.9211341307133702
871,2019,8,1.9187667560321715
872,2019,9,1.9044502617801047
873,2019,10,1.958165396722662
874,2019,11,1.9421887149666994
875,2019,12,1.9351447610294117
876,2019,13,1.9340437115967954
877,2019,14,1.9056390825909952
878,2019,15,1.9126425624848338
879,2019,16,2.0068576038725294
880,2019,17,1.9637355391716118
881,2019,18,1.937097847792323
882,2019,19,1.9065250600130939
883,2019,20,1.9430763740185582
884,2019,21,1.9503251445086704
885,2019,22,1.9490491002874355
886,2019,23,1.9457196867404807
887,2019,24,1.937838456258104
888,2019,25,1.9238048780487804
889,2019,26,1.950756260848004
890,2019,27,1.9443254817987152
891,2019,28,2.0543130990415337
892,2019,29,1.9027429526631714
893,2019,30,1.9413921113689094
894,2019,31,1.955217314798522
895,2019,32,1.989424703891709
896,2019,33,1.900248812485863
897,2019,34,1.9325135121733525
898,2019,35,1.9333147321428572
899,2019,36,1.9625393966681675
900,2019,37,1.9787717968157694
901,2019,38,1.8824937027707809
902,2019,39,1.9406812093379258
903,2019,40,1.926356589147287
904,2019,41,2.0025940337224384
905,2019,42,1.9095886752136753
906,2019,43,2.0032128514056224
907,2019,44,2.033464566929134
908,2019,45,2.0821863155794933
909,2019,46,2.0342374388617164
910,2019,47,2.01996336996337
911,2019,48,1.976280834914611
912,2019,49,1.940650280024891
913,2019,50,1.9527567020738492
914,2019,51,1.8827627991517721
915,2019,52,1.856425702811245
916,2019,53,1.9708397817056285
917,2019,54,2.0070952483336915
918,2019,55,1.949956672443674
919,2019,56,1.8863636363636365
920,2019,57,1.9684408855393312
921,2019,58,1.9588380571562978
922,2019,59,1.9166666666666667
923,2019,60,1.926505082095387
924,2019,61,1.9525214592274678
925,2019,62,1.9323469387755101
926,2019,63,2.0636525877453895
927,2019,64,1.9826923076923078
928,2019,65,1.969060505695129
929,2019,66,1.9079158209592992
930,2019,67,2.0206620282521612
931,2019,68,2.2102640757349277
932,2019,69,1.9758025487981932
933,2019,70,1.8590303173292437
934,2019,71,1.9066940090815878
935,2019,72,1.9383045907213992
936,2019,73,2.0398646107559233
937,2019,74,1.9119217081850535
938,2019,75,2.0700712589073635
939,2019,76,1.6293706293706294
940,2019,77,2.064839830181397
941,2019,78,1.9258760107816713
942,2019,79,2.1179245283018866
943,2019,80,1.8808290155440415
944,2019,81,2.273003802281369
945,2019,82,1.7812648597242036
946,2019,83,2.0778564206268957
947,2019,84,2.0794753086419755
948,2019,85,1.9922680412371134
949,2019,86,2.0005288207297727
950,2019,87,2.1062005277044853
951,2019,88,2.092250922509225
952,2019,89,1.9640689487739742
953,2019,90,1.9460981496379726
954,2019,91,2.012879484820607
955,2019,92,2.0317307692307693
956,2019,93,1.9408799266727772
957,2019,94,1.9758861127251597
958,2019,95,2.0084639498432604
959,2019,96,2.0335753176043556
960,2019,97,1.9643394806172374
961,2019,98,1.9869969040247677
962,2019,99,2.078322385042951
963,2019,100,1.9866488651535381
964,2019,101,1.9817377931564784
965,2019,102,1.9522688356164384
966,2019,103,2.0127690623859906
967,2019,104,2.0240496508921644
968,2019,105,1.936588921282799
969,2019,106,1.89010989010989
970,2019,107,1.900419776119403
971,2019,108,1.9827089337175792
972,2019,109,2.1541284403669723
973,2019,110,2.020979020979021
974,2019,111,2.016949152542373
975,2019,112,1.4523809523809523
976,2019,113,2.4331983805668016
977,2019,114,2.0753968253968256
978,2019,115,1.8058823529411765
979,2019,116,2.1690140845070425
980,2019,117,2.4
981,2019,118,2.616
982,2019,119,2.163265306122449
983,2019,120,2.063953488372093
984,2019,121,2.001477104874446
985,2019,122,2.054662379421222
986,2019,123,1.9260700389105059
987,2019,124,1.8195121951219513
988,2019,125,1.80836820083682
989,2019,126,1.9865711727842434
990,2019,127,2.0172413793103448
991,2019,128,2.0395480225988702
992,2019,129,1.8280467445742905
993,2019,130,1.9203187250996017
994,2019,131,1.8317757009345794
995,2019,132,1.912981455064194
996,2019,133,1.9235880398671097
997,2019,134,1.901124648547329
998,2019,135,2.0796139927623645
999,2019,136,2.299003322259136
1000,2019,137,1.8751191611058151
1001,2019,138,1.7987173162308832
1002,2019,139,1.907960199004975
1003,2019,140,2.1590493601462524
1004,2019,141,2.2244897959183674
1005,2019,142,1.9793986636971046
1006,2019,143,1.9502702702702703
1007,2019,144,1.944356120826709
1008,2019,145,1.9783897494740867
1009,2019,146,2.024279210925645
1010,2019,147,1.9603174603174602
1011,2019,148,2.0476190476190474
1012,2019,149,1.8128342245989304
1013,2019,150,1.9672650475184794
1014,2019,151,2.211159737417943
1015,2019,152,2.0952380952380953
1016,2019,153,1.9170090386195562
1017,2019,154,1.9478510028653295
1018,2019,155,2.030513176144244
1019,2019,156,2.021788990825688
1020,2019,157,1.955511724742494
1021,2019,158,1.938692098092643
1022,2019,159,2.0160919540229885
1023,2019,160,1.9649595687331536
1024,2019,161,1.9561077566186715
1025,2019,162,1.9613683279268652
1026,2019,163,2.008953553441522
1027,2019,164,2.042995839112344
1028,2019,165,1.9835409252669038
1029,2019,166,1.9964652956298201
1030,2019,167,1.8546289211935731
1031,2019,168,1.8489028213166143
1032,2019,169,1.9564300128416805
1033,2019,170,1.9710341706268386
1034,2019,171,1.9344155844155844
1035,2019,172,1.958762886597938
1036,2019,173,1.9464285714285714
1037,2019,174,1.965055050263284
1038,2019,175,1.937863209655789
1039,2019,176,1.8986415882967607
1040,2019,177,1.988021778584392
1041,2019,178,1.9937936384794415
1042,2019,179,1.9775417298937785
1043,2019,180,1.7827848101265822
1044,2019,181,1.9457320520067836
1045,2019,182,2.0899031811894884
1046,2019,183,2.1752988047808763
1047,2019,184,2.1666666666666665
1048,2019,185,1.956806282722513
1049,2019,186,1.7609756097560976
1050,2019,187,2.0974025974025974
1051,2019,188,2.6
1052,2019,189,1.9823232323232323
1053,2019,190,1.8209982788296042
1054,2019,191,1.7804347826086957
1055,2019,192,1.9097472924187726
1056,2019,193,2.06821665815023
1057,2019,194,2.106951871657754
1058,2019,195,2.1882352941176473
1059,2019,196,1.8988095238095237
1060,2019,197,2.054525014052839
1061,2019,198,2.0868544600938965
1062,2019,199,2.0586466165413535
1063,2019,200,2.5051903114186853
1064,2019,201,2.0288461538461537
1065,2019,202,2.0616319444444446
1066,2019,203,2.0143805309734515
1067,2019,204,2.2463235294117645
1068,2019,205,1.9856684895342258
1069,2019,206,2.088164829899377
1070,2019,207,1.8181818181818181
1071,2019,208,1.746031746031746
1072,2019,209,1.9848794442174091
1073,2019,210,1.997438524590164
1074,2019,211,1.9083585095669688
1075,2019,212,1.863961813842482
1076,2019,213,1.9611570247933885
1077,2019,214,2.0279097387173395
1078,2019,215,1.8846975088967972
1079,2019,216,1.8468677494199537
1080,2019,217,1.8850467289719626
1081,2019,218,1.789272030651341
1082,2019,219,1.8564356435643565
1083,2019,220,2.1012658227848102
1084,2019,221,1.862785862785863
1085,2019,222,1.7467248908296944
1086,2019,223,1.6666666666666667
1087,2019,224,1.991304347826087
1088,2019,225,1.7892561983471074
1089,2019,226,1.693298969072165
1090,2019,227,1.7139303482587065
1091,2019,228,1.6771653543307086
1092,2019,229,1.9767736486486487
1093,2019,230,1.9821109123434706
1094,2019,231,2.2031963470319633
1095,2019,232,2.148325358851675
1096,2019,233,1.9646946564885497
1097,2019,234,1.9730807577268195
1098,2019,235,2.138181818181818
1099,2019,236,2.0
1100,2019,237,1.9069343065693432
1101,2019,238,2.1998011928429424
1102,2019,239,2.2778390297684674
1103,2019,240,1.8489583333333333
1104,2019,241,2.1238203095507737
1105,2019,242,1.987832699619772
1106,2019,243,1.9495652173913043
1107,2019,244,2.1045454545454545
1108,2019,245,2.1177865612648223
1109,2019,246,1.9655455291222312
1110,2019,247,1.9524405506883604
1111,2019,248,1.7679012345679013
1112,2019,249,2.2447129909365557
1113,2019,250,1.9918367346938775
1114,2019,251,2.1248979591836736
1115,2019,252,1.8568232662192394
1116,2019,253,1.8304221251819506
1117,2019,254,1.7039848197343455
1118,2019,255,2.3184357541899443
1119,2019,256,2.2857142857142856
1120,2019,257,1.9534883720930232
1121,2019,258,1.7371663244353184
1122,2019,259,2.4015748031496065
1123,2019,260,1.9484536082474226
1124,2019,261,2.214484679665738
1125,2019,262,1.7110091743119267
1126,2019,263,2.24438202247191
1127,2019,264,2.556122448979592
1128,2019,265,1.8135226921889471
1129,2019,266,1.793663688058489
1130,2019,267,1.6725888324873097
1131,2019,268,1.8
1132,2019,269,1.8610932475884245
1133,2019,270,1.9848866498740554
1134,2019,271,1.8036605657237936
1135,2019,272,1.868421052631579
1136,2019,273,1.6971098265895954
1137,2019,274,1.8418766290182451
1138,2019,275,1.9235033259423504
1139,2019,276,1.7674897119341564
1140,2019,277,1.9059717129387113
1141,2019,278,1.892328398384926
1142,2019,279,1.9832402234636872
1143,2019,280,2.0164835164835164
1144,2019,281,1.9152806652806653
1145,2019,282,1.9448979591836735
1146,2019,283,1.7503392130257802
1147,2019,284,1.6330532212885154
1148,2019,285,1.8755760368663594
1149,2019,286,1.8559556786703602
1150,2019,287,2.0645438898450945
1151,2019,288,1.580332409972299
