Year,Launch_Angle_(Deg),Hits,BBE,AVG,wOBA,1B,2B,3B,HR,1B_percentage,2B_percentage,3B_percentage,HR_percentage
2015,-89,0,2,0,0,0,0,0,0,0,0,0,0
2015,-87,0,1,0,0,0,0,0,0,0,0,0,0
2015,-85,0,2,0,0,0,0,0,0,0,0,0,0
2015,-83,1,6,0.167,0.15,1,0,0,0,16.7,0,0,0
2015,-82,0,3,0,0,0,0,0,0,0,0,0,0
2015,-81,1,6,0.167,0.3,1,0,0,0,16.7,0,0,0
2015,-80,0,2,0,0,0,0,0,0,0,0,0,0
2015,-79,0,7,0,0,0,0,0,0,0,0,0,0
2015,-78,0,10,0,0,0,0,0,0,0,0,0,0
2015,-77,1,6,0.167,0.15,1,0,0,0,16.7,0,0,0
2015,-76,1,12,0.083,0.075,1,0,0,0,8.3,0,0,0
2015,-75,1,4,0.25,0.45,1,0,0,0,25,0,0,0
2015,-74,2,13,0.154,0.208,2,0,0,0,15.4,0,0,0
2015,-73,1,10,0.1,0.09,1,0,0,0,10,0,0,0
2015,-72,4,18,0.222,0.2,4,0,0,0,22.2,0,0,0
2015,-71,2,10,0.2,0.18,2,0,0,0,20,0,0,0
2015,-70,4,16,0.25,0.225,4,0,0,0,25,0,0,0
2015,-69,0,13,0,0,0,0,0,0,0,0,0,0
2015,-68,3,19,0.158,0.142,3,0,0,0,15.8,0,0,0
2015,-67,6,25,0.24,0.252,6,0,0,0,24,0,0,0
2015,-66,7,30,0.233,0.24,7,0,0,0,23.3,0,0,0
2015,-65,5,33,0.152,0.136,5,0,0,0,15.2,0,0,0
2015,-64,4,36,0.111,0.1,4,0,0,0,11.1,0,0,0
2015,-63,7,26,0.269,0.256,6,1,0,0,23.1,3.8,0,0
2015,-62,8,36,0.222,0.225,8,0,0,0,22.2,0,0,0
2015,-61,4,37,0.108,0.122,4,0,0,0,10.8,0,0,0
2015,-60,11,35,0.314,0.283,11,0,0,0,31.4,0,0,0
2015,-59,7,40,0.175,0.248,7,0,0,0,17.5,0,0,0
2015,-58,5,39,0.128,0.138,5,0,0,0,12.8,0,0,0
2015,-57,7,50,0.14,0.144,7,0,0,0,14,0,0,0
2015,-56,11,59,0.186,0.259,11,0,0,0,18.6,0,0,0
2015,-55,5,57,0.088,0.079,5,0,0,0,8.8,0,0,0
2015,-54,3,55,0.055,0.082,3,0,0,0,5.5,0,0,0
2015,-53,16,73,0.219,0.234,16,0,0,0,21.9,0,0,0
2015,-52,5,69,0.072,0.143,5,0,0,0,7.2,0,0,0
2015,-51,14,75,0.187,0.209,13,1,0,0,17.3,1.3,0,0
2015,-50,9,84,0.107,0.107,9,0,0,0,10.7,0,0,0
2015,-49,18,103,0.175,0.175,18,0,0,0,17.5,0,0,0
2015,-48,7,91,0.077,0.069,7,0,0,0,7.7,0,0,0
2015,-47,20,125,0.16,0.18,20,0,0,0,16,0,0,0
2015,-46,10,114,0.088,0.111,10,0,0,0,8.8,0,0,0
2015,-45,21,147,0.143,0.159,21,0,0,0,14.3,0,0,0
2015,-44,11,144,0.076,0.084,10,1,0,0,6.9,0.7,0,0
2015,-43,12,141,0.085,0.101,11,0,1,0,7.8,0,0.7,0
2015,-42,15,159,0.094,0.115,14,1,0,0,8.8,0.6,0,0
2015,-41,22,202,0.109,0.134,22,0,0,0,10.9,0,0,0
2015,-40,16,172,0.093,0.099,16,0,0,0,9.3,0,0,0
2015,-39,16,173,0.092,0.116,15,1,0,0,8.7,0.6,0,0
2015,-38,8,213,0.038,0.051,8,0,0,0,3.8,0,0,0
2015,-37,16,229,0.07,0.092,15,1,0,0,6.6,0.4,0,0
2015,-36,16,230,0.07,0.09,16,0,0,0,7,0,0,0
2015,-35,18,235,0.077,0.106,14,4,0,0,6,1.7,0,0
2015,-34,19,285,0.067,0.081,17,2,0,0,6,0.7,0,0
2015,-33,25,308,0.081,0.085,25,0,0,0,8.1,0,0,0
2015,-32,20,332,0.06,0.079,17,3,0,0,5.1,0.9,0,0
2015,-31,26,350,0.074,0.094,25,1,0,0,7.1,0.3,0,0
2015,-30,19,391,0.049,0.063,18,1,0,0,4.6,0.3,0,0
2015,-29,28,472,0.059,0.078,26,2,0,0,5.5,0.4,0,0
2015,-28,41,465,0.088,0.099,36,5,0,0,7.7,1.1,0,0
2015,-27,40,530,0.075,0.099,39,1,0,0,7.4,0.2,0,0
2015,-26,42,522,0.08,0.102,34,8,0,0,6.5,1.5,0,0
2015,-25,48,541,0.089,0.115,43,5,0,0,7.9,0.9,0,0
2015,-24,65,633,0.103,0.116,61,4,0,0,9.6,0.6,0,0
2015,-23,55,674,0.082,0.097,50,5,0,0,7.4,0.7,0,0
2015,-22,83,712,0.117,0.132,74,9,0,0,10.4,1.3,0,0
2015,-21,77,774,0.099,0.109,75,2,0,0,9.7,0.3,0,0
2015,-20,84,761,0.11,0.129,77,7,0,0,10.1,0.9,0,0
2015,-19,110,887,0.124,0.14,102,8,0,0,11.5,0.9,0,0
2015,-18,101,950,0.106,0.12,93,8,0,0,9.8,0.8,0,0
2015,-17,119,924,0.129,0.137,117,2,0,0,12.7,0.2,0,0
2015,-16,150,999,0.15,0.17,138,11,1,0,13.8,1.1,0.1,0
2015,-15,147,1058,0.139,0.167,137,10,0,0,12.9,0.9,0,0
2015,-14,176,1127,0.156,0.174,165,10,1,0,14.6,0.9,0.1,0
2015,-13,183,1189,0.154,0.158,165,17,0,1,13.9,1.4,0,0.1
2015,-12,220,1261,0.174,0.176,206,13,1,0,16.3,1,0.1,0
2015,-11,234,1299,0.18,0.194,212,21,1,0,16.3,1.6,0.1,0
2015,-10,242,1260,0.192,0.204,217,24,1,0,17.2,1.9,0.1,0
2015,-9,282,1393,0.202,0.21,258,23,1,0,18.5,1.7,0.1,0
2015,-8,332,1457,0.228,0.238,304,25,3,0,20.9,1.7,0.2,0
2015,-7,371,1521,0.244,0.249,347,21,3,0,22.8,1.4,0.2,0
2015,-6,439,1639,0.268,0.267,406,31,2,0,24.8,1.9,0.1,0
2015,-5,462,1642,0.281,0.278,415,43,4,0,25.3,2.6,0.2,0
2015,-4,498,1665,0.299,0.301,447,50,1,0,26.8,3,0.1,0
2015,-3,504,1571,0.321,0.324,462,40,2,0,29.4,2.5,0.1,0
2015,-2,522,1559,0.335,0.334,476,42,4,0,30.5,2.7,0.3,0
2015,-1,579,1628,0.356,0.35,531,44,4,0,32.6,2.7,0.2,0
2015,0,655,1734,0.378,0.374,590,59,6,0,34,3.4,0.3,0
2015,1,713,1758,0.406,0.404,638,67,8,0,36.3,3.8,0.5,0
2015,2,771,1783,0.432,0.429,693,74,4,0,38.9,4.2,0.2,0
2015,3,847,1868,0.453,0.443,760,85,2,0,40.7,4.6,0.1,0
2015,4,880,1767,0.498,0.489,782,92,6,0,44.3,5.2,0.3,0
2015,5,962,1891,0.509,0.491,858,100,4,0,45.4,5.3,0.2,0
2015,6,924,1710,0.54,0.523,810,106,8,0,47.4,6.2,0.5,0
2015,7,1027,1871,0.549,0.526,894,128,5,0,47.8,6.8,0.3,0
2015,8,1105,1858,0.595,0.57,965,128,12,0,51.9,6.9,0.6,0
2015,9,1287,1875,0.686,0.667,1073,203,11,0,57.2,10.8,0.6,0
2015,10,1423,1915,0.743,0.723,1166,243,14,0,60.9,12.7,0.7,0
2015,11,1416,1829,0.774,0.758,1138,253,25,0,62.2,13.8,1.4,0
2015,12,1511,1880,0.804,0.795,1163,320,28,0,61.9,17,1.5,0
2015,13,1534,2002,0.766,0.766,1159,343,30,2,57.9,17.1,1.5,0.1
2015,14,1334,1864,0.716,0.725,959,334,40,1,51.4,17.9,2.1,0.1
2015,15,1262,1867,0.676,0.7,840,374,44,4,45,20,2.4,0.2
2015,16,1185,1822,0.65,0.694,711,408,52,14,39,22.4,2.9,0.8
2015,17,1112,1809,0.615,0.669,594,465,36,17,32.8,25.7,2,0.9
2015,18,1060,1889,0.561,0.642,498,460,45,57,26.4,24.4,2.4,3
2015,19,1067,1815,0.588,0.695,478,436,54,99,26.3,24,3,5.5
2015,20,974,1827,0.533,0.66,370,427,42,135,20.3,23.4,2.3,7.4
2015,21,1011,1866,0.542,0.702,353,411,48,199,18.9,22,2.6,10.7
2015,22,921,1746,0.527,0.706,315,329,43,234,18,18.8,2.5,13.4
2015,23,842,1648,0.511,0.736,215,299,36,292,13,18.1,2.2,17.7
2015,24,780,1604,0.486,0.723,197,232,30,321,12.3,14.5,1.9,20
2015,25,772,1609,0.48,0.739,175,207,32,358,10.9,12.9,2,22.2
2015,26,691,1543,0.448,0.7,152,171,22,346,9.9,11.1,1.4,22.4
2015,27,665,1575,0.422,0.689,116,143,35,371,7.4,9.1,2.2,23.6
2015,28,596,1486,0.401,0.664,107,107,29,353,7.2,7.2,2,23.8
2015,29,575,1516,0.379,0.623,113,94,32,336,7.5,6.2,2.1,22.2
2015,30,512,1453,0.352,0.584,109,65,26,312,7.5,4.5,1.8,21.5
2015,31,405,1384,0.293,0.478,101,45,15,244,7.3,3.3,1.1,17.6
2015,32,393,1292,0.304,0.499,86,57,11,239,6.7,4.4,0.9,18.5
2015,33,328,1272,0.258,0.434,65,44,9,210,5.1,3.5,0.7,16.5
2015,34,240,1213,0.198,0.323,56,29,13,142,4.6,2.4,1.1,11.7
2015,35,241,1172,0.206,0.332,64,27,9,141,5.5,2.3,0.8,12
2015,36,219,1141,0.192,0.317,54,23,7,135,4.7,2,0.6,11.8
2015,37,143,1002,0.143,0.229,38,18,3,84,3.8,1.8,0.3,8.4
2015,38,120,998,0.12,0.178,51,11,1,57,5.1,1.1,0.1,5.7
2015,39,92,934,0.099,0.147,35,10,2,45,3.7,1.1,0.2,4.8
2015,40,86,893,0.096,0.142,29,16,3,38,3.2,1.8,0.3,4.3
2015,41,80,813,0.098,0.136,34,17,1,28,4.2,2.1,0.1,3.4
2015,42,51,748,0.068,0.093,22,11,2,16,2.9,1.5,0.3,2.1
2015,43,42,726,0.058,0.08,20,9,0,13,2.8,1.2,0,1.8
2015,44,32,705,0.045,0.061,16,8,1,7,2.3,1.1,0.1,1
2015,45,32,667,0.048,0.056,23,5,0,4,3.4,0.7,0,0.6
2015,46,27,638,0.042,0.045,21,4,0,2,3.3,0.6,0,0.3
2015,47,19,567,0.034,0.039,11,7,1,0,1.9,1.2,0.2,0
2015,48,29,595,0.049,0.053,19,8,1,1,3.2,1.3,0.2,0.2
2015,49,18,492,0.037,0.04,12,3,2,1,2.4,0.6,0.4,0.2
2015,50,15,521,0.029,0.032,10,4,0,1,1.9,0.8,0,0.2
2015,51,12,469,0.026,0.027,9,3,0,0,1.9,0.6,0,0
2015,52,13,490,0.027,0.029,9,4,0,0,1.8,0.8,0,0
2015,53,10,452,0.022,0.026,5,5,0,0,1.1,1.1,0,0
2015,54,9,386,0.023,0.029,5,4,0,0,1.3,1,0,0
2015,55,6,380,0.016,0.021,4,2,0,0,1.1,0.5,0,0
2015,56,9,366,0.025,0.027,6,3,0,0,1.6,0.8,0,0
2015,57,6,362,0.017,0.017,4,2,0,0,1.1,0.6,0,0
2015,58,3,307,0.01,0.011,1,2,0,0,0.3,0.7,0,0
2015,59,2,336,0.006,0.006,1,1,0,0,0.3,0.3,0,0
2015,60,5,328,0.015,0.025,2,3,0,0,0.6,0.9,0,0
2015,61,1,265,0.004,0.007,1,0,0,0,0.4,0,0,0
2015,62,2,261,0.008,0.01,0,2,0,0,0,0.8,0,0
2015,63,3,238,0.013,0.014,1,2,0,0,0.4,0.8,0,0
2015,64,2,207,0.01,0.009,2,0,0,0,1,0,0,0
2015,65,5,191,0.026,0.024,5,0,0,0,2.6,0,0,0
2015,66,1,143,0.007,0.006,1,0,0,0,0.7,0,0,0
2015,67,0,129,0,0,0,0,0,0,0,0,0,0
2015,68,0,113,0,0.008,0,0,0,0,0,0,0,0
2015,69,0,82,0,0.011,0,0,0,0,0,0,0,0
2015,70,0,63,0,0.014,0,0,0,0,0,0,0,0
2015,71,0,41,0,0.022,0,0,0,0,0,0,0,0
2015,72,0,35,0,0,0,0,0,0,0,0,0,0
2015,73,1,14,0.071,0.064,1,0,0,0,7.1,0,0,0
2015,74,0,8,0,0,0,0,0,0,0,0,0,0
2015,75,0,3,0,0,0,0,0,0,0,0,0,0
2015,76,0,6,0,0,0,0,0,0,0,0,0,0
2015,77,0,1,0,0,0,0,0,0,0,0,0,0
2015,78,0,1,0,0,0,0,0,0,0,0,0,0
2015,79,0,1,0,0,0,0,0,0,0,0,0,0
2015,80,0,1,0,0,0,0,0,0,0,0,0,0
2016,-87,0,2,0,0.45,0,0,0,0,0,0,0,0
2016,-85,2,3,0.667,0.6,2,0,0,0,66.7,0,0,0
2016,-84,0,3,0,0,0,0,0,0,0,0,0,0
2016,-83,0,5,0,0,0,0,0,0,0,0,0,0
2016,-82,3,13,0.231,0.208,3,0,0,0,23.1,0,0,0
2016,-81,0,7,0,0,0,0,0,0,0,0,0,0
2016,-80,0,10,0,0,0,0,0,0,0,0,0,0
2016,-79,3,10,0.3,0.27,3,0,0,0,30,0,0,0
2016,-78,0,8,0,0,0,0,0,0,0,0,0,0
2016,-77,3,14,0.214,0.193,3,0,0,0,21.4,0,0,0
2016,-76,1,4,0.25,0.225,1,0,0,0,25,0,0,0
2016,-75,1,11,0.091,0.164,1,0,0,0,9.1,0,0,0
2016,-74,5,14,0.357,0.321,5,0,0,0,35.7,0,0,0
2016,-73,0,15,0,0,0,0,0,0,0,0,0,0
2016,-72,2,14,0.143,0.129,2,0,0,0,14.3,0,0,0
2016,-71,3,24,0.125,0.15,3,0,0,0,12.5,0,0,0
2016,-70,5,28,0.179,0.161,5,0,0,0,17.9,0,0,0
2016,-69,7,27,0.259,0.3,7,0,0,0,25.9,0,0,0
2016,-68,2,23,0.087,0.078,2,0,0,0,8.7,0,0,0
2016,-67,4,22,0.182,0.205,4,0,0,0,18.2,0,0,0
2016,-66,7,35,0.2,0.18,7,0,0,0,20,0,0,0
2016,-65,7,25,0.28,0.288,7,0,0,0,28,0,0,0
2016,-64,5,29,0.172,0.186,5,0,0,0,17.2,0,0,0
2016,-63,17,40,0.425,0.383,17,0,0,0,42.5,0,0,0
2016,-62,11,46,0.239,0.235,11,0,0,0,23.9,0,0,0
2016,-61,6,43,0.14,0.147,6,0,0,0,14,0,0,0
2016,-60,16,52,0.308,0.277,16,0,0,0,30.8,0,0,0
2016,-59,13,65,0.2,0.194,13,0,0,0,20,0,0,0
2016,-58,8,60,0.133,0.15,8,0,0,0,13.3,0,0,0
2016,-57,12,64,0.188,0.183,12,0,0,0,18.8,0,0,0
2016,-56,10,53,0.189,0.187,10,0,0,0,18.9,0,0,0
2016,-55,6,66,0.091,0.123,6,0,0,0,9.1,0,0,0
2016,-54,10,66,0.152,0.164,10,0,0,0,15.2,0,0,0
2016,-53,10,78,0.128,0.138,10,0,0,0,12.8,0,0,0
2016,-52,10,86,0.116,0.115,10,0,0,0,11.6,0,0,0
2016,-51,11,82,0.134,0.154,11,0,0,0,13.4,0,0,0
2016,-50,12,107,0.112,0.143,12,0,0,0,11.2,0,0,0
2016,-49,5,102,0.049,0.079,5,0,0,0,4.9,0,0,0
2016,-48,15,119,0.126,0.159,15,0,0,0,12.6,0,0,0
2016,-47,8,119,0.067,0.076,8,0,0,0,6.7,0,0,0
2016,-46,10,130,0.077,0.097,10,0,0,0,7.7,0,0,0
2016,-45,12,164,0.073,0.101,11,1,0,0,6.7,0.6,0,0
2016,-44,14,133,0.105,0.111,13,1,0,0,9.8,0.8,0,0
2016,-43,20,151,0.132,0.149,20,0,0,0,13.2,0,0,0
2016,-42,13,158,0.082,0.097,13,0,0,0,8.2,0,0,0
2016,-41,15,170,0.088,0.095,15,0,0,0,8.8,0,0,0
2016,-40,17,190,0.089,0.099,17,0,0,0,8.9,0,0,0
2016,-39,16,195,0.082,0.099,15,1,0,0,7.7,0.5,0,0
2016,-38,11,222,0.05,0.077,11,0,0,0,5,0,0,0
2016,-37,13,217,0.06,0.076,12,1,0,0,5.5,0.5,0,0
2016,-36,12,202,0.059,0.086,11,1,0,0,5.4,0.5,0,0
2016,-35,9,254,0.035,0.051,8,1,0,0,3.1,0.4,0,0
2016,-34,18,280,0.064,0.088,17,1,0,0,6.1,0.4,0,0
2016,-33,19,321,0.059,0.077,18,1,0,0,5.6,0.3,0,0
2016,-32,22,357,0.062,0.081,19,3,0,0,5.3,0.8,0,0
2016,-31,21,336,0.063,0.076,20,1,0,0,6,0.3,0,0
2016,-30,31,386,0.08,0.093,29,2,0,0,7.5,0.5,0,0
2016,-29,30,392,0.077,0.107,28,2,0,0,7.1,0.5,0,0
2016,-28,43,468,0.092,0.102,40,3,0,0,8.5,0.6,0,0
2016,-27,31,425,0.073,0.093,25,5,1,0,5.9,1.2,0.2,0
2016,-26,31,479,0.065,0.087,30,1,0,0,6.3,0.2,0,0
2016,-25,50,547,0.091,0.116,46,4,0,0,8.4,0.7,0,0
2016,-24,51,592,0.086,0.104,48,3,0,0,8.1,0.5,0,0
2016,-23,71,618,0.115,0.152,65,6,0,0,10.5,1,0,0
2016,-22,65,690,0.094,0.109,59,6,0,0,8.6,0.9,0,0
2016,-21,86,736,0.117,0.123,81,4,1,0,11,0.5,0.1,0
2016,-20,103,787,0.131,0.14,100,3,0,0,12.7,0.4,0,0
2016,-19,108,817,0.132,0.137,105,2,1,0,12.9,0.2,0.1,0
2016,-18,101,842,0.12,0.131,97,4,0,0,11.5,0.5,0,0
2016,-17,101,886,0.114,0.129,98,3,0,0,11.1,0.3,0,0
2016,-16,122,915,0.133,0.148,114,7,1,0,12.5,0.8,0.1,0
2016,-15,155,1013,0.153,0.166,142,12,1,0,14,1.2,0.1,0
2016,-14,160,1062,0.151,0.162,148,12,0,0,13.9,1.1,0,0
2016,-13,167,1079,0.155,0.174,156,10,1,0,14.5,0.9,0.1,0
2016,-12,204,1137,0.179,0.195,186,18,0,0,16.4,1.6,0,0
2016,-11,202,1186,0.17,0.181,184,17,1,0,15.5,1.4,0.1,0
2016,-10,233,1272,0.183,0.187,220,11,2,0,17.3,0.9,0.2,0
2016,-9,250,1336,0.187,0.198,229,20,1,0,17.1,1.5,0.1,0
2016,-8,295,1307,0.226,0.227,271,22,2,0,20.7,1.7,0.2,0
2016,-7,316,1471,0.215,0.221,291,23,2,0,19.8,1.6,0.1,0
2016,-6,348,1387,0.251,0.26,318,28,2,0,22.9,2,0.1,0
2016,-5,382,1450,0.263,0.275,340,41,1,0,23.4,2.8,0.1,0
2016,-4,433,1435,0.302,0.3,393,38,2,0,27.4,2.6,0.1,0
2016,-3,501,1559,0.321,0.319,460,37,4,0,29.5,2.4,0.3,0
2016,-2,509,1582,0.322,0.321,475,33,1,0,30,2.1,0.1,0
2016,-1,572,1691,0.338,0.335,508,63,1,0,30,3.7,0.1,0
2016,0,663,1752,0.378,0.374,588,70,5,0,33.6,4,0.3,0
2016,1,741,1819,0.407,0.398,682,57,2,0,37.5,3.1,0.1,0
2016,2,786,1774,0.443,0.437,704,79,3,0,39.7,4.5,0.2,0
2016,3,809,1779,0.455,0.45,736,72,1,0,41.4,4,0.1,0
2016,4,881,1818,0.485,0.474,787,91,3,0,43.3,5,0.2,0
2016,5,857,1779,0.482,0.465,768,84,5,0,43.2,4.7,0.3,0
2016,6,923,1771,0.521,0.5,828,89,6,0,46.8,5,0.3,0
2016,7,1028,1816,0.566,0.547,895,128,5,0,49.3,7,0.3,0
2016,8,1102,1883,0.585,0.56,967,124,11,0,51.4,6.6,0.6,0
2016,9,1176,1839,0.639,0.614,1007,156,13,0,54.8,8.5,0.7,0
2016,10,1310,1783,0.735,0.706,1101,198,11,0,61.7,11.1,0.6,0
2016,11,1458,1907,0.765,0.747,1187,246,25,0,62.2,12.9,1.3,0
2016,12,1488,1868,0.797,0.785,1153,311,24,0,61.7,16.6,1.3,0
2016,13,1495,1891,0.791,0.785,1133,335,27,0,59.9,17.7,1.4,0
2016,14,1431,1890,0.757,0.768,1021,367,42,1,54,19.4,2.2,0.1
2016,15,1307,1838,0.711,0.73,906,355,42,4,49.3,19.3,2.3,0.2
2016,16,1251,1895,0.66,0.698,757,447,38,9,39.9,23.6,2,0.5
2016,17,1199,1941,0.618,0.666,685,456,38,20,35.3,23.5,2,1
2016,18,1128,1897,0.595,0.668,560,480,45,43,29.5,25.3,2.4,2.3
2016,19,1068,1797,0.594,0.692,477,473,39,79,26.5,26.3,2.2,4.4
2016,20,1072,1838,0.583,0.724,398,487,37,150,21.7,26.5,2,8.2
2016,21,955,1715,0.557,0.746,307,376,34,238,17.9,21.9,2,13.9
2016,22,999,1779,0.562,0.765,319,360,46,274,17.9,20.2,2.6,15.4
2016,23,905,1747,0.518,0.739,250,312,33,310,14.3,17.9,1.9,17.7
2016,24,872,1694,0.515,0.758,239,250,36,347,14.1,14.8,2.1,20.5
2016,25,847,1649,0.514,0.806,176,210,38,423,10.7,12.7,2.3,25.7
2016,26,791,1634,0.484,0.757,182,183,26,400,11.1,11.2,1.6,24.5
2016,27,759,1644,0.462,0.755,145,142,25,447,8.8,8.6,1.5,27.2
2016,28,635,1562,0.407,0.67,122,111,22,380,7.8,7.1,1.4,24.3
2016,29,615,1520,0.405,0.675,112,95,32,376,7.4,6.3,2.1,24.7
2016,30,554,1443,0.384,0.64,110,77,20,347,7.6,5.3,1.4,24
2016,31,499,1469,0.34,0.574,85,73,17,324,5.8,5,1.2,22.1
2016,32,440,1325,0.332,0.569,79,49,17,295,6,3.7,1.3,22.3
2016,33,365,1202,0.304,0.513,67,47,14,237,5.6,3.9,1.2,19.7
2016,34,320,1233,0.26,0.425,77,38,12,193,6.2,3.1,1,15.7
2016,35,284,1242,0.229,0.391,59,24,4,197,4.8,1.9,0.3,15.9
2016,36,215,1070,0.201,0.341,47,19,4,145,4.4,1.8,0.4,13.6
2016,37,158,1030,0.153,0.247,48,15,2,93,4.7,1.5,0.2,9
2016,38,121,996,0.121,0.188,44,12,4,61,4.4,1.2,0.4,6.1
2016,39,108,930,0.116,0.184,33,12,6,57,3.5,1.3,0.6,6.1
2016,40,92,880,0.105,0.16,26,19,3,44,3,2.2,0.3,5
2016,41,82,823,0.1,0.137,38,13,3,28,4.6,1.6,0.4,3.4
2016,42,54,794,0.068,0.096,23,9,1,21,2.9,1.1,0.1,2.6
2016,43,51,703,0.073,0.094,25,12,0,14,3.6,1.7,0,2
2016,44,44,753,0.058,0.072,27,5,1,11,3.6,0.7,0.1,1.5
2016,45,40,698,0.057,0.068,21,14,0,5,3,2,0,0.7
2016,46,19,616,0.031,0.04,8,7,1,3,1.3,1.1,0.2,0.5
2016,47,26,579,0.045,0.049,17,9,0,0,2.9,1.6,0,0
2016,48,20,584,0.034,0.04,11,7,1,1,1.9,1.2,0.2,0.2
2016,49,22,601,0.037,0.039,13,8,1,0,2.2,1.3,0.2,0
2016,50,18,593,0.03,0.035,12,6,0,0,2,1,0,0
2016,51,20,511,0.039,0.042,12,8,0,0,2.3,1.6,0,0
2016,52,13,482,0.027,0.032,7,6,0,0,1.5,1.2,0,0
2016,53,9,462,0.019,0.023,5,4,0,0,1.1,0.9,0,0
2016,54,13,440,0.03,0.031,7,6,0,0,1.6,1.4,0,0
2016,55,8,416,0.019,0.025,4,4,0,0,1,1,0,0
2016,56,6,384,0.016,0.025,4,2,0,0,1,0.5,0,0
2016,57,8,362,0.022,0.029,4,4,0,0,1.1,1.1,0,0
2016,58,8,316,0.025,0.028,6,2,0,0,1.9,0.6,0,0
2016,59,2,305,0.007,0.01,1,1,0,0,0.3,0.3,0,0
2016,60,6,337,0.018,0.023,4,2,0,0,1.2,0.6,0,0
2016,61,1,258,0.004,0.01,1,0,0,0,0.4,0,0,0
2016,62,8,245,0.033,0.038,2,6,0,0,0.8,2.4,0,0
2016,63,4,223,0.018,0.026,3,1,0,0,1.3,0.4,0,0
2016,64,2,191,0.01,0.011,1,1,0,0,0.5,0.5,0,0
2016,65,0,217,0,0.004,0,0,0,0,0,0,0,0
2016,66,0,152,0,0.006,0,0,0,0,0,0,0,0
2016,67,1,146,0.007,0.009,0,1,0,0,0,0.7,0,0
2016,68,0,90,0,0.01,0,0,0,0,0,0,0,0
2016,69,0,67,0,0,0,0,0,0,0,0,0,0
2016,70,0,69,0,0,0,0,0,0,0,0,0,0
2016,71,0,41,0,0,0,0,0,0,0,0,0,0
2016,72,1,30,0.033,0.03,1,0,0,0,3.3,0,0,0
2016,73,0,26,0,0.035,0,0,0,0,0,0,0,0
2016,74,0,22,0,0,0,0,0,0,0,0,0,0
2016,75,0,24,0,0,0,0,0,0,0,0,0,0
2016,76,0,42,0,0,0,0,0,0,0,0,0,0
2016,77,0,25,0,0,0,0,0,0,0,0,0,0
2016,78,0,41,0,0,0,0,0,0,0,0,0,0
2016,79,1,42,0.024,0.021,1,0,0,0,2.4,0,0,0
2016,80,1,42,0.024,0.021,1,0,0,0,2.4,0,0,0
2016,81,0,49,0,0,0,0,0,0,0,0,0,0
2016,82,0,48,0,0,0,0,0,0,0,0,0,0
2016,83,0,61,0,0,0,0,0,0,0,0,0,0
2016,84,0,45,0,0,0,0,0,0,0,0,0,0
2016,85,0,46,0,0,0,0,0,0,0,0,0,0
2016,86,0,41,0,0,0,0,0,0,0,0,0,0
2016,87,0,29,0,0,0,0,0,0,0,0,0,0
2016,88,0,18,0,0,0,0,0,0,0,0,0,0
2016,89,0,12,0,0,0,0,0,0,0,0,0,0
2016,90,0,1,0,0,0,0,0,0,0,0,0,0
2017,-85,1,2,0.5,0.45,1,0,0,0,50,0,0,0
2017,-84,0,1,0,0,0,0,0,0,0,0,0,0
2017,-83,0,1,0,0,0,0,0,0,0,0,0,0
2017,-82,0,3,0,0,0,0,0,0,0,0,0,0
2017,-81,1,7,0.143,0.129,1,0,0,0,14.3,0,0,0
2017,-80,1,4,0.25,0.225,1,0,0,0,25,0,0,0
2017,-79,1,4,0.25,0.45,1,0,0,0,25,0,0,0
2017,-78,2,6,0.333,0.3,2,0,0,0,33.3,0,0,0
2017,-77,1,4,0.25,0.225,1,0,0,0,25,0,0,0
2017,-76,1,3,0.333,0.3,1,0,0,0,33.3,0,0,0
2017,-75,1,12,0.083,0.15,1,0,0,0,8.3,0,0,0
2017,-74,0,4,0,0,0,0,0,0,0,0,0,0
2017,-73,1,11,0.091,0.164,1,0,0,0,9.1,0,0,0
2017,-72,1,14,0.071,0.129,1,0,0,0,7.1,0,0,0
2017,-71,4,18,0.222,0.2,4,0,0,0,22.2,0,0,0
2017,-70,3,15,0.2,0.18,3,0,0,0,20,0,0,0
2017,-69,4,16,0.25,0.281,4,0,0,0,25,0,0,0
2017,-68,3,15,0.2,0.24,3,0,0,0,20,0,0,0
2017,-67,4,19,0.211,0.189,4,0,0,0,21.1,0,0,0
2017,-66,3,23,0.13,0.196,3,0,0,0,13,0,0,0
2017,-65,4,22,0.182,0.205,4,0,0,0,18.2,0,0,0
2017,-64,4,25,0.16,0.18,4,0,0,0,16,0,0,0
2017,-63,8,34,0.235,0.212,8,0,0,0,23.5,0,0,0
2017,-62,16,32,0.5,0.45,16,0,0,0,50,0,0,0
2017,-61,10,42,0.238,0.257,10,0,0,0,23.8,0,0,0
2017,-60,9,41,0.22,0.22,9,0,0,0,22,0,0,0
2017,-59,13,49,0.265,0.257,13,0,0,0,26.5,0,0,0
2017,-58,9,54,0.167,0.167,9,0,0,0,16.7,0,0,0
2017,-57,7,47,0.149,0.23,7,0,0,0,14.9,0,0,0
2017,-56,20,78,0.256,0.247,19,1,0,0,24.4,1.3,0,0
2017,-55,22,77,0.286,0.292,22,0,0,0,28.6,0,0,0
2017,-54,16,76,0.211,0.225,16,0,0,0,21.1,0,0,0
2017,-53,12,82,0.146,0.154,12,0,0,0,14.6,0,0,0
2017,-52,12,83,0.145,0.141,12,0,0,0,14.5,0,0,0
2017,-51,11,93,0.118,0.116,11,0,0,0,11.8,0,0,0
2017,-50,18,112,0.161,0.185,18,0,0,0,16.1,0,0,0
2017,-49,18,127,0.142,0.177,18,0,0,0,14.2,0,0,0
2017,-48,21,130,0.162,0.166,21,0,0,0,16.2,0,0,0
2017,-47,22,153,0.144,0.147,22,0,0,0,14.4,0,0,0
2017,-46,26,158,0.165,0.159,26,0,0,0,16.5,0,0,0
2017,-45,20,157,0.127,0.126,20,0,0,0,12.7,0,0,0
2017,-44,23,172,0.134,0.136,23,0,0,0,13.4,0,0,0
2017,-43,25,203,0.123,0.142,25,0,0,0,12.3,0,0,0
2017,-42,24,213,0.113,0.128,23,1,0,0,10.8,0.5,0,0
2017,-41,17,230,0.074,0.099,16,1,0,0,7,0.4,0,0
2017,-40,21,237,0.089,0.104,20,1,0,0,8.4,0.4,0,0
2017,-39,27,287,0.094,0.105,26,1,0,0,9.1,0.3,0,0
2017,-38,20,284,0.07,0.07,20,0,0,0,7,0,0,0
2017,-37,20,302,0.066,0.086,20,0,0,0,6.6,0,0,0
2017,-36,25,321,0.078,0.108,22,2,1,0,6.9,0.6,0.3,0
2017,-35,33,354,0.093,0.106,31,2,0,0,8.8,0.6,0,0
2017,-34,33,386,0.085,0.109,28,5,0,0,7.3,1.3,0,0
2017,-33,29,390,0.074,0.086,28,1,0,0,7.2,0.3,0,0
2017,-32,30,419,0.072,0.095,27,3,0,0,6.4,0.7,0,0
2017,-31,35,508,0.069,0.086,34,1,0,0,6.7,0.2,0,0
2017,-30,40,486,0.082,0.099,34,6,0,0,7,1.2,0,0
2017,-29,40,504,0.079,0.101,39,1,0,0,7.7,0.2,0,0
2017,-28,35,530,0.066,0.08,34,1,0,0,6.4,0.2,0,0
2017,-27,49,552,0.089,0.11,41,7,1,0,7.4,1.3,0.2,0
2017,-26,51,629,0.081,0.096,45,6,0,0,7.2,1,0,0
2017,-25,64,671,0.095,0.119,57,7,0,0,8.5,1,0,0
2017,-24,57,644,0.089,0.112,52,4,1,0,8.1,0.6,0.2,0
2017,-23,62,706,0.088,0.109,59,3,0,0,8.4,0.4,0,0
2017,-22,79,715,0.11,0.128,70,9,0,0,9.8,1.3,0,0
2017,-21,67,748,0.09,0.117,63,4,0,0,8.4,0.5,0,0
2017,-20,80,722,0.111,0.127,78,2,0,0,10.8,0.3,0,0
2017,-19,80,736,0.109,0.125,75,4,1,0,10.2,0.5,0.1,0
2017,-18,90,763,0.118,0.131,84,6,0,0,11,0.8,0,0
2017,-17,88,809,0.109,0.132,77,10,1,0,9.5,1.2,0.1,0
2017,-16,119,846,0.141,0.151,110,9,0,0,13,1.1,0,0
2017,-15,126,864,0.146,0.161,114,12,0,0,13.2,1.4,0,0
2017,-14,121,886,0.137,0.146,115,6,0,0,13,0.7,0,0
2017,-13,137,860,0.159,0.172,132,5,0,0,15.3,0.6,0,0
2017,-12,145,936,0.155,0.169,135,10,0,0,14.4,1.1,0,0
2017,-11,193,1006,0.192,0.202,174,19,0,0,17.3,1.9,0,0
2017,-10,201,1017,0.198,0.21,186,15,0,0,18.3,1.5,0,0
2017,-9,233,1105,0.211,0.215,220,12,1,0,19.9,1.1,0.1,0
2017,-8,244,1073,0.227,0.233,227,17,0,0,21.2,1.6,0,0
2017,-7,293,1183,0.248,0.244,281,10,2,0,23.8,0.8,0.2,0
2017,-6,316,1278,0.247,0.245,287,28,1,0,22.5,2.2,0.1,0
2017,-5,351,1295,0.271,0.272,319,30,2,0,24.6,2.3,0.2,0
2017,-4,359,1277,0.281,0.286,323,35,1,0,25.3,2.7,0.1,0
2017,-3,402,1347,0.298,0.305,362,38,2,0,26.9,2.8,0.1,0
2017,-2,462,1465,0.315,0.32,416,42,4,0,28.4,2.9,0.3,0
2017,-1,567,1620,0.35,0.344,519,46,2,0,32,2.8,0.1,0
2017,0,618,1722,0.359,0.362,564,50,4,0,32.8,2.9,0.2,0
2017,1,718,1777,0.404,0.39,672,44,2,0,37.8,2.5,0.1,0
2017,2,770,1813,0.425,0.418,702,64,4,0,38.7,3.5,0.2,0
2017,3,806,1845,0.437,0.429,724,77,5,0,39.2,4.2,0.3,0
2017,4,869,1815,0.479,0.47,760,103,6,0,41.9,5.7,0.3,0
2017,5,890,1788,0.498,0.487,772,114,4,0,43.2,6.4,0.2,0
2017,6,989,1867,0.53,0.51,876,106,7,0,46.9,5.7,0.4,0
2017,7,1020,1833,0.556,0.539,886,127,7,0,48.3,6.9,0.4,0
2017,8,1054,1832,0.575,0.553,919,119,16,0,50.2,6.5,0.9,0
2017,9,1149,1849,0.621,0.601,966,174,9,0,52.2,9.4,0.5,0
2017,10,1351,1862,0.726,0.707,1109,224,18,0,59.6,12,1,0
2017,11,1423,1890,0.753,0.741,1131,273,19,0,59.8,14.4,1,0
2017,12,1494,1905,0.784,0.771,1186,285,22,1,62.3,15,1.2,0.1
2017,13,1436,1831,0.784,0.786,1061,349,26,0,57.9,19.1,1.4,0
2017,14,1411,1875,0.753,0.758,1015,375,21,0,54.1,20,1.1,0
2017,15,1403,1953,0.718,0.746,904,468,25,6,46.3,24,1.3,0.3
2017,16,1269,1940,0.654,0.685,793,437,29,10,40.9,22.5,1.5,0.5
2017,17,1200,1909,0.629,0.684,655,482,37,26,34.3,25.2,1.9,1.4
2017,18,1103,1820,0.606,0.695,531,466,30,76,29.2,25.6,1.6,4.2
2017,19,1102,1857,0.593,0.698,497,468,33,104,26.8,25.2,1.8,5.6
2017,20,1050,1865,0.563,0.692,428,440,30,152,22.9,23.6,1.6,8.2
2017,21,983,1780,0.552,0.734,331,383,35,234,18.6,21.5,2,13.1
2017,22,963,1768,0.545,0.754,289,353,35,286,16.3,20,2,16.2
2017,23,924,1750,0.528,0.777,235,294,35,360,13.4,16.8,2,20.6
2017,24,895,1713,0.522,0.776,231,255,42,367,13.5,14.9,2.5,21.4
2017,25,823,1628,0.506,0.786,183,212,24,404,11.2,13,1.5,24.8
2017,26,842,1656,0.508,0.82,157,192,26,467,9.5,11.6,1.6,28.2
2017,27,722,1610,0.448,0.742,132,123,34,433,8.2,7.6,2.1,26.9
2017,28,708,1627,0.435,0.735,127,100,26,455,7.8,6.1,1.6,28
2017,29,645,1503,0.429,0.723,121,82,31,411,8.1,5.5,2.1,27.3
2017,30,601,1546,0.389,0.643,127,87,16,371,8.2,5.6,1,24
2017,31,544,1425,0.382,0.663,72,74,26,372,5.1,5.2,1.8,26.1
2017,32,459,1339,0.343,0.583,79,64,9,307,5.9,4.8,0.7,22.9
2017,33,419,1355,0.309,0.518,91,45,13,270,6.7,3.3,1,19.9
2017,34,302,1215,0.249,0.419,61,37,8,196,5,3,0.7,16.1
2017,35,305,1239,0.246,0.419,53,37,11,204,4.3,3,0.9,16.5
2017,36,252,1151,0.219,0.363,60,28,5,159,5.2,2.4,0.4,13.8
2017,37,177,1042,0.17,0.279,45,17,4,111,4.3,1.6,0.4,10.7
2017,38,161,1009,0.16,0.249,51,25,1,84,5.1,2.5,0.1,8.3
2017,39,134,1019,0.132,0.203,44,18,4,68,4.3,1.8,0.4,6.7
2017,40,89,888,0.1,0.144,38,13,5,33,4.3,1.5,0.6,3.7
2017,41,97,830,0.117,0.165,41,15,2,39,4.9,1.8,0.2,4.7
2017,42,61,825,0.074,0.102,31,7,0,23,3.8,0.8,0,2.8
2017,43,58,799,0.073,0.099,28,16,0,14,3.5,2,0,1.8
2017,44,47,710,0.066,0.071,36,4,2,5,5.1,0.6,0.3,0.7
2017,45,30,745,0.04,0.053,16,8,1,5,2.1,1.1,0.1,0.7
2017,46,29,690,0.042,0.053,14,12,0,3,2,1.7,0,0.4
2017,47,25,631,0.04,0.048,14,5,3,3,2.2,0.8,0.5,0.5
2017,48,22,604,0.036,0.038,16,5,0,1,2.6,0.8,0,0.2
2017,49,17,580,0.029,0.031,10,6,1,0,1.7,1,0.2,0
2017,50,12,549,0.022,0.027,6,6,0,0,1.1,1.1,0,0
2017,51,10,489,0.02,0.024,5,5,0,0,1,1,0,0
2017,52,14,556,0.025,0.027,7,7,0,0,1.3,1.3,0,0
2017,53,19,502,0.038,0.048,9,10,0,0,1.8,2,0,0
2017,54,14,458,0.031,0.03,11,3,0,0,2.4,0.7,0,0
2017,55,9,451,0.02,0.022,6,3,0,0,1.3,0.7,0,0
2017,56,12,426,0.028,0.036,7,5,0,0,1.6,1.2,0,0
2017,57,13,425,0.031,0.032,10,3,0,0,2.4,0.7,0,0
2017,58,3,347,0.009,0.017,2,1,0,0,0.6,0.3,0,0
2017,59,4,333,0.012,0.023,3,1,0,0,0.9,0.3,0,0
2017,60,6,345,0.017,0.028,4,2,0,0,1.2,0.6,0,0
2017,61,5,306,0.016,0.018,5,0,0,0,1.6,0,0,0
2017,62,4,301,0.013,0.016,3,1,0,0,1,0.3,0,0
2017,63,3,268,0.011,0.021,1,1,1,0,0.4,0.4,0.4,0
2017,64,1,230,0.004,0.016,1,0,0,0,0.4,0,0,0
2017,65,1,217,0.005,0.01,0,1,0,0,0,0.5,0,0
2017,66,3,161,0.019,0.019,2,1,0,0,1.2,0.6,0,0
2017,67,0,159,0,0,0,0,0,0,0,0,0,0
2017,68,0,155,0,0,0,0,0,0,0,0,0,0
2017,69,0,109,0,0.008,0,0,0,0,0,0,0,0
2017,70,1,72,0.014,0.017,0,1,0,0,0,1.4,0,0
2017,71,0,62,0,0.015,0,0,0,0,0,0,0,0
2017,72,0,38,0,0,0,0,0,0,0,0,0,0
2017,73,1,47,0.021,0.038,1,0,0,0,2.1,0,0,0
2017,74,0,55,0,0,0,0,0,0,0,0,0,0
2017,75,0,49,0,0,0,0,0,0,0,0,0,0
2017,76,0,38,0,0,0,0,0,0,0,0,0,0
2017,77,0,67,0,0,0,0,0,0,0,0,0,0
2017,78,0,58,0,0,0,0,0,0,0,0,0,0
2017,79,0,66,0,0,0,0,0,0,0,0,0,0
2017,80,0,69,0,0.013,0,0,0,0,0,0,0,0
2017,81,1,78,0.013,0.012,1,0,0,0,1.3,0,0,0
2017,82,0,71,0,0,0,0,0,0,0,0,0,0
2017,83,0,84,0,0,0,0,0,0,0,0,0,0
2017,84,0,60,0,0,0,0,0,0,0,0,0,0
2017,85,0,50,0,0,0,0,0,0,0,0,0,0
2017,86,0,37,0,0,0,0,0,0,0,0,0,0
2017,87,0,34,0,0,0,0,0,0,0,0,0,0
2017,88,0,20,0,0,0,0,0,0,0,0,0,0
2017,89,0,10,0,0,0,0,0,0,0,0,0,0
2017,90,0,1,0,0,0,0,0,0,0,0,0,0
2018,-89,0,1,0,0,0,0,0,0,0,0,0,0
2018,-87,1,2,0.5,0.45,1,0,0,0,50,0,0,0
2018,-86,2,6,0.333,0.3,2,0,0,0,33.3,0,0,0
2018,-85,0,5,0,0,0,0,0,0,0,0,0,0
2018,-84,0,5,0,0,0,0,0,0,0,0,0,0
2018,-83,0,6,0,0,0,0,0,0,0,0,0,0
2018,-82,4,8,0.5,0.45,4,0,0,0,50,0,0,0
2018,-81,4,10,0.4,0.36,4,0,0,0,40,0,0,0
2018,-80,2,9,0.222,0.2,2,0,0,0,22.2,0,0,0
2018,-79,1,6,0.167,0.15,1,0,0,0,16.7,0,0,0
2018,-78,5,17,0.294,0.265,5,0,0,0,29.4,0,0,0
2018,-77,1,12,0.083,0.075,1,0,0,0,8.3,0,0,0
2018,-76,2,15,0.133,0.18,2,0,0,0,13.3,0,0,0
2018,-75,3,18,0.167,0.2,3,0,0,0,16.7,0,0,0
2018,-74,2,10,0.2,0.18,2,0,0,0,20,0,0,0
2018,-73,3,19,0.158,0.189,3,0,0,0,15.8,0,0,0
2018,-72,6,18,0.333,0.35,6,0,0,0,33.3,0,0,0
2018,-71,6,17,0.353,0.318,6,0,0,0,35.3,0,0,0
2018,-70,9,27,0.333,0.333,9,0,0,0,33.3,0,0,0
2018,-69,6,28,0.214,0.193,6,0,0,0,21.4,0,0,0
2018,-68,5,17,0.294,0.265,5,0,0,0,29.4,0,0,0
2018,-67,4,25,0.16,0.144,4,0,0,0,16,0,0,0
2018,-66,4,24,0.167,0.15,4,0,0,0,16.7,0,0,0
2018,-65,8,32,0.25,0.253,8,0,0,0,25,0,0,0
2018,-64,4,30,0.133,0.12,4,0,0,0,13.3,0,0,0
2018,-63,8,34,0.235,0.291,8,0,0,0,23.5,0,0,0
2018,-62,13,41,0.317,0.307,13,0,0,0,31.7,0,0,0
2018,-61,13,67,0.194,0.188,13,0,0,0,19.4,0,0,0
2018,-60,7,61,0.115,0.133,7,0,0,0,11.5,0,0,0
2018,-59,15,66,0.227,0.245,15,0,0,0,22.7,0,0,0
2018,-58,17,64,0.266,0.281,17,0,0,0,26.6,0,0,0
2018,-57,12,71,0.169,0.165,12,0,0,0,16.9,0,0,0
2018,-56,14,82,0.171,0.187,14,0,0,0,17.1,0,0,0
2018,-55,16,79,0.203,0.228,16,0,0,0,20.3,0,0,0
2018,-54,9,79,0.114,0.153,8,1,0,0,10.1,1.3,0,0
2018,-53,16,93,0.172,0.203,16,0,0,0,17.2,0,0,0
2018,-52,18,100,0.18,0.18,18,0,0,0,18,0,0,0
2018,-51,14,110,0.127,0.139,14,0,0,0,12.7,0,0,0
2018,-50,12,110,0.109,0.131,12,0,0,0,10.9,0,0,0
2018,-49,16,126,0.127,0.143,16,0,0,0,12.7,0,0,0
2018,-48,9,116,0.078,0.085,9,0,0,0,7.8,0,0,0
2018,-47,15,135,0.111,0.107,15,0,0,0,11.1,0,0,0
2018,-46,23,146,0.158,0.179,23,0,0,0,15.8,0,0,0
2018,-45,19,153,0.124,0.124,19,0,0,0,12.4,0,0,0
2018,-44,17,170,0.1,0.122,17,0,0,0,10,0,0,0
2018,-43,18,168,0.107,0.139,18,0,0,0,10.7,0,0,0
2018,-42,25,194,0.129,0.158,25,0,0,0,12.9,0,0,0
2018,-41,14,247,0.057,0.069,14,0,0,0,5.7,0,0,0
2018,-40,17,222,0.077,0.101,17,0,0,0,7.7,0,0,0
2018,-39,17,238,0.071,0.102,17,0,0,0,7.1,0,0,0
2018,-38,16,274,0.058,0.093,15,1,0,0,5.5,0.4,0,0
2018,-37,19,260,0.073,0.105,18,1,0,0,6.9,0.4,0,0
2018,-36,24,298,0.081,0.095,23,1,0,0,7.7,0.3,0,0
2018,-35,23,353,0.065,0.085,22,1,0,0,6.2,0.3,0,0
2018,-34,16,325,0.049,0.086,13,3,0,0,4,0.9,0,0
2018,-33,27,363,0.074,0.089,25,2,0,0,6.9,0.6,0,0
2018,-32,28,377,0.074,0.105,28,0,0,0,7.4,0,0,0
2018,-31,19,426,0.045,0.077,18,1,0,0,4.2,0.2,0,0
2018,-30,25,426,0.059,0.082,25,0,0,0,5.9,0,0,0
2018,-29,28,446,0.063,0.09,25,2,1,0,5.6,0.4,0.2,0
2018,-28,30,503,0.06,0.078,28,2,0,0,5.6,0.4,0,0
2018,-27,38,516,0.074,0.096,36,2,0,0,7,0.4,0,0
2018,-26,52,598,0.087,0.1,44,7,1,0,7.4,1.2,0.2,0
2018,-25,64,581,0.11,0.125,59,5,0,0,10.2,0.9,0,0
2018,-24,56,658,0.085,0.104,50,6,0,0,7.6,0.9,0,0
2018,-23,63,681,0.093,0.112,58,5,0,0,8.5,0.7,0,0
2018,-22,70,741,0.094,0.109,68,2,0,0,9.2,0.3,0,0
2018,-21,77,747,0.103,0.127,72,4,1,0,9.6,0.5,0.1,0
2018,-20,90,786,0.115,0.127,85,5,0,0,10.8,0.6,0,0
2018,-19,117,869,0.135,0.155,107,9,1,0,12.3,1,0.1,0
2018,-18,95,824,0.115,0.131,89,6,0,0,10.8,0.7,0,0
2018,-17,107,899,0.119,0.137,100,6,1,0,11.1,0.7,0.1,0
2018,-16,141,973,0.145,0.16,124,16,1,0,12.7,1.6,0.1,0
2018,-15,131,974,0.134,0.143,120,10,1,0,12.3,1,0.1,0
2018,-14,160,1034,0.155,0.172,149,9,2,0,14.4,0.9,0.2,0
2018,-13,172,1074,0.16,0.184,157,14,1,0,14.6,1.3,0.1,0
2018,-12,186,1164,0.16,0.173,170,16,0,0,14.6,1.4,0,0
2018,-11,186,1124,0.165,0.176,173,10,3,0,15.4,0.9,0.3,0
2018,-10,199,1156,0.172,0.183,182,15,2,0,15.7,1.3,0.2,0
2018,-9,245,1275,0.192,0.2,224,18,3,0,17.6,1.4,0.2,0
2018,-8,285,1274,0.224,0.231,259,25,1,0,20.3,2,0.1,0
2018,-7,279,1310,0.213,0.223,259,16,4,0,19.8,1.2,0.3,0
2018,-6,331,1371,0.241,0.254,298,31,2,0,21.7,2.3,0.1,0
2018,-5,389,1404,0.277,0.279,365,23,1,0,26,1.6,0.1,0
2018,-4,385,1404,0.274,0.278,352,31,2,0,25.1,2.2,0.1,0
2018,-3,414,1413,0.293,0.299,360,50,4,0,25.5,3.5,0.3,0
2018,-2,445,1446,0.308,0.31,401,41,3,0,27.7,2.8,0.2,0
2018,-1,523,1549,0.338,0.342,456,60,7,0,29.4,3.9,0.5,0
2018,0,563,1642,0.343,0.339,512,51,0,0,31.2,3.1,0,0
2018,1,594,1628,0.365,0.364,525,60,9,0,32.2,3.7,0.6,0
2018,2,684,1691,0.404,0.406,598,76,10,0,35.4,4.5,0.6,0
2018,3,794,1789,0.444,0.439,707,81,6,0,39.5,4.5,0.3,0
2018,4,817,1728,0.473,0.467,712,101,4,0,41.2,5.8,0.2,0
2018,5,925,1811,0.511,0.496,816,107,2,0,45.1,5.9,0.1,0
2018,6,915,1795,0.51,0.49,809,101,5,0,45.1,5.6,0.3,0
2018,7,956,1789,0.534,0.518,827,118,11,0,46.2,6.6,0.6,0
2018,8,991,1780,0.557,0.531,871,111,9,0,48.9,6.2,0.5,0
2018,9,1135,1802,0.63,0.609,959,169,7,0,53.2,9.4,0.4,0
2018,10,1259,1827,0.689,0.676,1016,216,27,0,55.6,11.8,1.5,0
2018,11,1398,1809,0.773,0.759,1106,266,26,0,61.1,14.7,1.4,0
2018,12,1534,1903,0.806,0.789,1236,275,22,1,65,14.5,1.2,0.1
2018,13,1516,1876,0.808,0.803,1149,342,25,0,61.2,18.2,1.3,0
2018,14,1402,1834,0.764,0.763,1049,328,25,0,57.2,17.9,1.4,0
2018,15,1314,1842,0.713,0.731,903,369,39,3,49,20,2.1,0.2
2018,16,1301,1961,0.663,0.697,822,425,43,11,41.9,21.7,2.2,0.6
2018,17,1240,1939,0.64,0.689,711,472,34,23,36.7,24.3,1.8,1.2
2018,18,1101,1860,0.592,0.654,580,446,35,40,31.2,24,1.9,2.2
2018,19,1096,1873,0.585,0.676,504,479,36,77,26.9,25.6,1.9,4.1
2018,20,1062,1873,0.567,0.692,422,463,47,130,22.5,24.7,2.5,6.9
2018,21,1014,1828,0.555,0.702,379,420,39,176,20.7,23,2.1,9.6
2018,22,982,1825,0.538,0.721,322,370,44,246,17.6,20.3,2.4,13.5
2018,23,955,1791,0.533,0.774,250,326,33,346,14,18.2,1.8,19.3
2018,24,916,1764,0.519,0.753,257,278,34,347,14.6,15.8,1.9,19.7
2018,25,890,1755,0.507,0.785,185,255,32,418,10.5,14.5,1.8,23.8
2018,26,784,1710,0.458,0.727,171,173,21,419,10,10.1,1.2,24.5
2018,27,745,1676,0.445,0.725,139,150,27,429,8.3,8.9,1.6,25.6
2018,28,690,1582,0.436,0.724,122,121,25,422,7.7,7.6,1.6,26.7
2018,29,668,1614,0.414,0.671,136,129,27,376,8.4,8,1.7,23.3
2018,30,597,1574,0.379,0.656,92,69,22,414,5.8,4.4,1.4,26.3
2018,31,516,1421,0.363,0.603,115,64,10,327,8.1,4.5,0.7,23
2018,32,456,1413,0.323,0.547,88,55,13,300,6.2,3.9,0.9,21.2
2018,33,391,1364,0.287,0.485,72,52,9,258,5.3,3.8,0.7,18.9
2018,34,321,1291,0.249,0.422,69,26,12,214,5.3,2,0.9,16.6
2018,35,300,1287,0.233,0.371,93,28,5,174,7.2,2.2,0.4,13.5
2018,36,229,1145,0.2,0.337,45,28,5,151,3.9,2.4,0.4,13.2
2018,37,181,1126,0.161,0.25,53,28,6,94,4.7,2.5,0.5,8.3
2018,38,142,1077,0.132,0.204,42,24,2,74,3.9,2.2,0.2,6.9
2018,39,113,1008,0.112,0.166,46,12,2,53,4.6,1.2,0.2,5.3
2018,40,82,982,0.084,0.117,40,12,2,28,4.1,1.2,0.2,2.9
2018,41,59,856,0.069,0.105,22,6,2,29,2.6,0.7,0.2,3.4
2018,42,64,810,0.079,0.105,31,14,1,18,3.8,1.7,0.1,2.2
2018,43,52,822,0.063,0.078,29,10,2,11,3.5,1.2,0.2,1.3
2018,44,47,774,0.061,0.071,27,14,2,4,3.5,1.8,0.3,0.5
2018,45,38,726,0.052,0.071,17,8,1,12,2.3,1.1,0.1,1.7
2018,46,31,702,0.044,0.054,21,5,0,5,3,0.7,0,0.7
2018,47,31,670,0.046,0.053,17,12,1,1,2.5,1.8,0.1,0.1
2018,48,19,593,0.032,0.038,13,4,0,2,2.2,0.7,0,0.3
2018,49,12,568,0.021,0.024,8,2,0,2,1.4,0.4,0,0.4
2018,50,26,586,0.044,0.05,15,11,0,0,2.6,1.9,0,0
2018,51,18,526,0.034,0.038,10,7,1,0,1.9,1.3,0.2,0
2018,52,18,541,0.033,0.034,11,7,0,0,2,1.3,0,0
2018,53,24,484,0.05,0.055,12,12,0,0,2.5,2.5,0,0
2018,54,9,441,0.02,0.026,5,4,0,0,1.1,0.9,0,0
2018,55,10,451,0.022,0.024,7,3,0,0,1.6,0.7,0,0
2018,56,8,410,0.02,0.028,6,2,0,0,1.5,0.5,0,0
2018,57,11,393,0.028,0.031,7,4,0,0,1.8,1,0,0
2018,58,6,349,0.017,0.021,0,6,0,0,0,1.7,0,0
2018,59,7,323,0.022,0.022,5,2,0,0,1.5,0.6,0,0
2018,60,4,264,0.015,0.02,4,0,0,0,1.5,0,0,0
2018,61,1,277,0.004,0.01,1,0,0,0,0.4,0,0,0
2018,62,3,258,0.012,0.021,3,0,0,0,1.2,0,0,0
2018,63,1,192,0.005,0.007,0,1,0,0,0,0.5,0,0
2018,64,1,164,0.006,0.008,0,1,0,0,0,0.6,0,0
2018,65,0,176,0,0.005,0,0,0,0,0,0,0,0
2018,66,1,122,0.008,0.007,1,0,0,0,0.8,0,0,0
2018,67,0,106,0,0,0,0,0,0,0,0,0,0
2018,68,0,69,0,0,0,0,0,0,0,0,0,0
2018,69,0,53,0,0,0,0,0,0,0,0,0,0
2018,70,0,41,0,0.022,0,0,0,0,0,0,0,0
2018,71,0,32,0,0,0,0,0,0,0,0,0,0
2018,72,0,27,0,0,0,0,0,0,0,0,0,0
2018,73,0,34,0,0,0,0,0,0,0,0,0,0
2018,74,0,31,0,0,0,0,0,0,0,0,0,0
2018,75,0,44,0,0,0,0,0,0,0,0,0,0
2018,76,0,49,0,0,0,0,0,0,0,0,0,0
2018,77,0,62,0,0.015,0,0,0,0,0,0,0,0
2018,78,1,50,0.02,0.018,1,0,0,0,2,0,0,0
2018,79,0,71,0,0.013,0,0,0,0,0,0,0,0
2018,80,0,63,0,0,0,0,0,0,0,0,0,0
2018,81,0,68,0,0,0,0,0,0,0,0,0,0
2018,82,0,70,0,0,0,0,0,0,0,0,0,0
2018,83,0,60,0,0,0,0,0,0,0,0,0,0
2018,84,0,63,0,0,0,0,0,0,0,0,0,0
2018,85,0,43,0,0,0,0,0,0,0,0,0,0
2018,86,0,43,0,0,0,0,0,0,0,0,0,0
2018,87,0,36,0,0,0,0,0,0,0,0,0,0
2018,88,0,17,0,0,0,0,0,0,0,0,0,0
2018,89,0,6,0,0,0,0,0,0,0,0,0,0
2018,90,0,4,0,0,0,0,0,0,0,0,0,0
2019,-87,1,3,0.333,0.3,1,0,0,0,33.3,0,0,0
2019,-86,1,2,0.5,0.45,1,0,0,0,50,0,0,0
2019,-84,2,6,0.333,0.45,2,0,0,0,33.3,0,0,0
2019,-83,2,5,0.4,0.36,2,0,0,0,40,0,0,0
2019,-82,2,7,0.286,0.257,2,0,0,0,28.6,0,0,0
2019,-81,1,8,0.125,0.113,1,0,0,0,12.5,0,0,0
2019,-80,1,6,0.167,0.15,1,0,0,0,16.7,0,0,0
2019,-79,4,14,0.286,0.257,4,0,0,0,28.6,0,0,0
2019,-78,3,9,0.333,0.3,3,0,0,0,33.3,0,0,0
2019,-77,7,15,0.467,0.42,7,0,0,0,46.7,0,0,0
2019,-76,1,14,0.071,0.193,1,0,0,0,7.1,0,0,0
2019,-75,3,13,0.231,0.277,3,0,0,0,23.1,0,0,0
2019,-74,5,19,0.263,0.284,5,0,0,0,26.3,0,0,0
2019,-73,7,26,0.269,0.256,6,1,0,0,23.1,3.8,0,0
2019,-72,4,16,0.25,0.225,4,0,0,0,25,0,0,0
2019,-71,3,15,0.2,0.18,3,0,0,0,20,0,0,0
2019,-70,7,26,0.269,0.277,7,0,0,0,26.9,0,0,0
2019,-69,7,20,0.35,0.315,7,0,0,0,35,0,0,0
2019,-68,7,28,0.25,0.257,7,0,0,0,25,0,0,0
2019,-67,7,33,0.212,0.273,7,0,0,0,21.2,0,0,0
2019,-66,6,31,0.194,0.174,6,0,0,0,19.4,0,0,0
2019,-65,4,24,0.167,0.15,4,0,0,0,16.7,0,0,0
2019,-64,13,44,0.295,0.286,13,0,0,0,29.5,0,0,0
2019,-63,10,45,0.222,0.22,10,0,0,0,22.2,0,0,0
2019,-62,9,40,0.225,0.248,9,0,0,0,22.5,0,0,0
2019,-61,13,50,0.26,0.241,12,1,0,0,24,2,0,0
2019,-60,12,51,0.235,0.212,12,0,0,0,23.5,0,0,0
2019,-59,8,56,0.143,0.145,8,0,0,0,14.3,0,0,0
2019,-58,13,62,0.21,0.247,13,0,0,0,21,0,0,0
2019,-57,18,79,0.228,0.205,18,0,0,0,22.8,0,0,0
2019,-56,17,72,0.236,0.213,17,0,0,0,23.6,0,0,0
2019,-55,22,84,0.262,0.268,22,0,0,0,26.2,0,0,0
2019,-54,9,87,0.103,0.103,9,0,0,0,10.3,0,0,0
2019,-53,15,86,0.174,0.157,15,0,0,0,17.4,0,0,0
2019,-52,18,107,0.168,0.193,18,0,0,0,16.8,0,0,0
2019,-51,15,102,0.147,0.159,15,0,0,0,14.7,0,0,0
2019,-50,16,111,0.144,0.17,16,0,0,0,14.4,0,0,0
2019,-49,18,106,0.17,0.187,18,0,0,0,17,0,0,0
2019,-48,17,130,0.131,0.132,17,0,0,0,13.1,0,0,0
2019,-47,9,138,0.065,0.078,9,0,0,0,6.5,0,0,0
2019,-46,12,144,0.083,0.106,12,0,0,0,8.3,0,0,0
2019,-45,15,151,0.099,0.119,15,0,0,0,9.9,0,0,0
2019,-44,18,143,0.126,0.132,18,0,0,0,12.6,0,0,0
2019,-43,18,179,0.101,0.108,17,1,0,0,9.5,0.6,0,0
2019,-42,14,176,0.08,0.109,13,1,0,0,7.4,0.6,0,0
2019,-41,17,215,0.079,0.088,17,0,0,0,7.9,0,0,0
2019,-40,14,235,0.06,0.08,12,2,0,0,5.1,0.9,0,0
2019,-39,16,239,0.067,0.072,16,0,0,0,6.7,0,0,0
2019,-38,18,273,0.066,0.088,16,2,0,0,5.9,0.7,0,0
2019,-37,19,254,0.075,0.081,19,0,0,0,7.5,0,0,0
2019,-36,14,261,0.054,0.069,14,0,0,0,5.4,0,0,0
2019,-35,23,296,0.078,0.083,22,1,0,0,7.4,0.3,0,0
2019,-34,22,324,0.068,0.082,21,1,0,0,6.5,0.3,0,0
2019,-33,17,324,0.052,0.073,16,1,0,0,4.9,0.3,0,0
2019,-32,27,363,0.074,0.077,27,0,0,0,7.4,0,0,0
2019,-31,36,365,0.099,0.121,31,5,0,0,8.5,1.4,0,0
2019,-30,27,441,0.061,0.068,26,1,0,0,5.9,0.2,0,0
2019,-29,25,434,0.058,0.071,24,1,0,0,5.5,0.2,0,0
2019,-28,34,474,0.072,0.086,33,1,0,0,7,0.2,0,0
2019,-27,43,560,0.077,0.098,40,3,0,0,7.1,0.5,0,0
2019,-26,44,538,0.082,0.099,39,5,0,0,7.2,0.9,0,0
2019,-25,51,574,0.089,0.104,48,3,0,0,8.4,0.5,0,0
2019,-24,63,598,0.105,0.115,57,5,1,0,9.5,0.8,0.2,0
2019,-23,63,674,0.093,0.114,57,6,0,0,8.5,0.9,0,0
2019,-22,66,686,0.096,0.112,62,4,0,0,9,0.6,0,0
2019,-21,68,691,0.098,0.109,61,7,0,0,8.8,1,0,0
2019,-20,70,747,0.094,0.11,59,11,0,0,7.9,1.5,0,0
2019,-19,82,793,0.103,0.118,73,8,1,0,9.2,1,0.1,0
2019,-18,104,892,0.117,0.126,97,7,0,0,10.9,0.8,0,0
2019,-17,98,898,0.109,0.132,84,13,1,0,9.4,1.4,0.1,0
2019,-16,112,899,0.125,0.145,102,9,1,0,11.3,1,0.1,0
2019,-15,138,983,0.14,0.157,122,14,2,0,12.4,1.4,0.2,0
2019,-14,155,1020,0.152,0.158,149,6,0,0,14.6,0.6,0,0
2019,-13,180,1024,0.176,0.185,161,17,2,0,15.7,1.7,0.2,0
2019,-12,195,1122,0.174,0.182,170,24,1,0,15.2,2.1,0.1,0
2019,-11,205,1149,0.178,0.191,189,15,1,0,16.4,1.3,0.1,0
2019,-10,232,1219,0.19,0.198,211,20,1,0,17.3,1.6,0.1,0
2019,-9,272,1228,0.221,0.229,252,18,2,0,20.5,1.5,0.2,0
2019,-8,258,1251,0.206,0.209,233,23,2,0,18.6,1.8,0.2,0
2019,-7,293,1294,0.226,0.228,267,25,1,0,20.6,1.9,0.1,0
2019,-6,323,1300,0.248,0.248,294,25,4,0,22.6,1.9,0.3,0
2019,-5,311,1323,0.235,0.237,280,29,2,0,21.2,2.2,0.2,0
2019,-4,357,1309,0.273,0.276,331,26,0,0,25.3,2,0,0
2019,-3,406,1393,0.291,0.294,360,45,1,0,25.8,3.2,0.1,0
2019,-2,473,1443,0.328,0.324,425,42,6,0,29.5,2.9,0.4,0
2019,-1,497,1497,0.332,0.324,452,43,2,0,30.2,2.9,0.1,0
2019,0,564,1708,0.33,0.329,508,54,2,0,29.7,3.2,0.1,0
2019,1,644,1650,0.39,0.393,567,74,3,0,34.4,4.5,0.2,0
2019,2,721,1752,0.412,0.404,638,78,5,0,36.4,4.5,0.3,0
2019,3,780,1803,0.433,0.42,694,82,4,0,38.5,4.5,0.2,0
2019,4,782,1774,0.441,0.436,668,108,6,0,37.7,6.1,0.3,0
2019,5,886,1835,0.483,0.475,761,119,6,0,41.5,6.5,0.3,0
2019,6,900,1800,0.5,0.489,774,120,6,0,43,6.7,0.3,0
2019,7,938,1769,0.53,0.508,814,119,5,0,46,6.7,0.3,0
2019,8,1001,1876,0.534,0.515,860,138,3,0,45.8,7.4,0.2,0
2019,9,1154,1877,0.615,0.6,959,182,13,0,51.1,9.7,0.7,0
2019,10,1202,1742,0.69,0.677,958,235,9,0,55,13.5,0.5,0
2019,11,1423,1909,0.745,0.726,1166,237,19,1,61.1,12.4,1,0.1
2019,12,1464,1863,0.786,0.783,1104,342,17,1,59.3,18.4,0.9,0.1
2019,13,1492,1829,0.816,0.814,1104,362,26,0,60.4,19.8,1.4,0
2019,14,1443,1876,0.769,0.774,1045,376,22,0,55.7,20,1.2,0
2019,15,1376,1893,0.727,0.748,917,424,33,2,48.4,22.4,1.7,0.1
2019,16,1219,1810,0.673,0.709,754,419,36,10,41.7,23.1,2,0.6
2019,17,1237,1895,0.653,0.7,722,465,25,25,38.1,24.5,1.3,1.3
2019,18,1177,1904,0.618,0.687,618,470,35,54,32.5,24.7,1.8,2.8
2019,19,1087,1795,0.606,0.725,467,464,40,116,26,25.8,2.2,6.5
2019,20,1133,1924,0.589,0.725,452,483,33,165,23.5,25.1,1.7,8.6
2019,21,992,1792,0.554,0.721,370,364,36,222,20.6,20.3,2,12.4
2019,22,1081,1848,0.585,0.802,346,382,34,319,18.7,20.7,1.8,17.3
2019,23,1057,1827,0.579,0.828,320,318,38,381,17.5,17.4,2.1,20.9
2019,24,1009,1832,0.551,0.848,227,271,41,470,12.4,14.8,2.2,25.7
2019,25,895,1691,0.529,0.846,192,186,34,483,11.4,11,2,28.6
2019,26,836,1646,0.508,0.83,157,171,25,483,9.5,10.4,1.5,29.3
2019,27,858,1734,0.495,0.813,158,170,22,508,9.1,9.8,1.3,29.3
2019,28,768,1597,0.481,0.81,135,116,21,496,8.5,7.3,1.3,31.1
2019,29,712,1656,0.43,0.736,114,96,25,477,6.9,5.8,1.5,28.8
2019,30,668,1547,0.432,0.729,124,84,22,438,8,5.4,1.4,28.3
2019,31,592,1486,0.398,0.685,97,75,13,407,6.5,5,0.9,27.4
2019,32,512,1427,0.359,0.607,105,48,21,338,7.4,3.4,1.5,23.7
2019,33,448,1411,0.318,0.545,79,55,9,305,5.6,3.9,0.6,21.6
2019,34,371,1287,0.288,0.499,72,31,11,257,5.6,2.4,0.9,20
2019,35,344,1294,0.266,0.447,75,34,10,225,5.8,2.6,0.8,17.4
2019,36,240,1150,0.209,0.344,47,38,10,145,4.1,3.3,0.9,12.6
2019,37,193,1111,0.174,0.293,43,19,3,128,3.9,1.7,0.3,11.5
2019,38,211,1047,0.202,0.332,47,29,10,125,4.5,2.8,1,11.9
2019,39,139,1057,0.132,0.197,50,19,3,67,4.7,1.8,0.3,6.3
2019,40,114,929,0.123,0.18,43,18,3,50,4.6,1.9,0.3,5.4
2019,41,100,940,0.106,0.156,35,21,1,43,3.7,2.2,0.1,4.6
2019,42,82,830,0.099,0.127,44,15,2,21,5.3,1.8,0.2,2.5
2019,43,69,795,0.087,0.119,33,13,3,20,4.2,1.6,0.4,2.5
2019,44,49,795,0.062,0.078,27,12,0,10,3.4,1.5,0,1.3
2019,45,38,752,0.051,0.055,24,10,2,2,3.2,1.3,0.3,0.3
2019,46,46,693,0.066,0.08,25,16,0,5,3.6,2.3,0,0.7
2019,47,24,692,0.035,0.037,18,5,0,1,2.6,0.7,0,0.1
2019,48,22,621,0.035,0.04,15,4,1,2,2.4,0.6,0.2,0.3
2019,49,29,599,0.048,0.055,18,11,0,0,3,1.8,0,0
2019,50,12,571,0.021,0.027,9,3,0,0,1.6,0.5,0,0
2019,51,26,549,0.047,0.054,16,9,0,1,2.9,1.6,0,0.2
2019,52,21,467,0.045,0.05,11,10,0,0,2.4,2.1,0,0
2019,53,16,528,0.03,0.038,7,9,0,0,1.3,1.7,0,0
2019,54,14,493,0.028,0.03,10,4,0,0,2,0.8,0,0
2019,55,7,458,0.015,0.024,4,3,0,0,0.9,0.7,0,0
2019,56,9,412,0.022,0.027,3,6,0,0,0.7,1.5,0,0
2019,57,7,387,0.018,0.028,4,3,0,0,1,0.8,0,0
2019,58,12,358,0.034,0.041,6,6,0,0,1.7,1.7,0,0
2019,59,10,332,0.03,0.038,2,8,0,0,0.6,2.4,0,0
2019,60,1,262,0.004,0.024,1,0,0,0,0.4,0,0,0
2019,61,6,277,0.022,0.027,3,3,0,0,1.1,1.1,0,0
2019,62,1,200,0.005,0.02,0,1,0,0,0,0.5,0,0
2019,63,3,183,0.016,0.022,2,1,0,0,1.1,0.5,0,0
2019,64,3,170,0.018,0.018,2,1,0,0,1.2,0.6,0,0
2019,65,0,146,0,0.018,0,0,0,0,0,0,0,0
2019,66,1,116,0.009,0.016,1,0,0,0,0.9,0,0,0
2019,67,2,90,0.022,0.02,2,0,0,0,2.2,0,0,0
2019,68,0,72,0,0,0,0,0,0,0,0,0,0
2019,69,2,48,0.042,0.045,1,1,0,0,2.1,2.1,0,0
2019,70,0,30,0,0,0,0,0,0,0,0,0,0
2019,71,0,36,0,0,0,0,0,0,0,0,0,0
2019,72,0,24,0,0,0,0,0,0,0,0,0,0
2019,73,0,33,0,0,0,0,0,0,0,0,0,0
2019,74,0,27,0,0,0,0,0,0,0,0,0,0
2019,75,0,30,0,0,0,0,0,0,0,0,0,0
2019,76,0,52,0,0,0,0,0,0,0,0,0,0
2019,77,1,47,0.021,0.019,1,0,0,0,2.1,0,0,0
2019,78,0,45,0,0,0,0,0,0,0,0,0,0
2019,79,0,69,0,0,0,0,0,0,0,0,0,0
2019,80,0,68,0,0,0,0,0,0,0,0,0,0
2019,81,0,69,0,0.026,0,0,0,0,0,0,0,0
2019,82,0,62,0,0,0,0,0,0,0,0,0,0
2019,83,0,67,0,0,0,0,0,0,0,0,0,0
2019,84,0,56,0,0,0,0,0,0,0,0,0,0
2019,85,0,45,0,0,0,0,0,0,0,0,0,0
2019,86,0,42,0,0,0,0,0,0,0,0,0,0
2019,87,0,31,0,0,0,0,0,0,0,0,0,0
2019,88,0,15,0,0,0,0,0,0,0,0,0,0
2019,89,0,13,0,0,0,0,0,0,0,0,0,0